isbn,title,authors,publishers,publish_date,number_of_pages,identifiers_goodreads,description,first_sentence,last_modified
9780008264321,Deadeye Dick,"[""Kurt Vonnegut""]","[""Fourth Estate""]","Jul 11, 2019",192.0,,,,
9780008264338,Bluebeard,"[""Kurt Vonnegut""]","[""Fourth Estate""]",2019,,,,,
9780030672255,Cat's Cradle,"[""Kurt Vonnegut""]","[""Holt, Rinehart and Winston""]","May 05, 1963",233.0,,,,
9780044004493,,,,,,,,,
9780058033281,,,,,,,,,
9780060263195,"Sun, moon, star","[""Kurt Vonnegut""]","[""Harper & Row""]",1980,62.0,"[""9603""]",,,
9780060564926,Slaughterhouse Five,"[""Kurt Vonnegut""]","[""Caedmon""]","November 4, 2003",,"[""978428""]",,,
9780060564971,Breakfast of Champions,"[""Kurt Vonnegut""]","[""Caedmon""]","March 2, 2004",,"[""920919""]",,,
9780060573775,Slaughterhouse-Five (or The Children's Crusade: A Duty Dance with Death),"[""Kurt Vonnegut""]","[""Caedmon""]","November 4, 2003",1.0,"[""786269""]",,,
9780060586232,Breakfast of Champions CD,"[""Kurt Vonnegut""]","[""Caedmon""]","March 2, 2004",,"[""920923""]",,,
9780060735555,,,,,,,,,
9780060764234,,,,,,,,,
9780060799168,,,,,,,,,
9780060813581,,,,,,,,,
9780060845926,,,,,,,,,
9780060845933,,,,,,,,,
9780060898717,Welcome to the Monkey House CD,"[""Kurt Vonnegut""]","[""Caedmon""]","May 30, 2006",,"[""6925""]",,,
9780060898731,Cat's Cradle CD,"[""Kurt Vonnegut""]","[""Caedmon""]","November 1, 2007",,"[""10402""]",,,
9780061135187,,,,,,,,,
9780061135194,,,,,,,,,
9780061135200,,,,,,,,,
9780061135217,,,,,,,,,
9780061153518,Essential Vonnegut Interviews CD (Caedmon Essentials),"[""Kurt Vonnegut""]","[""Caedmon""]","November 28, 2006",,"[""9596""]",,,
9780061336249,,,,,,,,,
9780061336256,,,,,,,,,
9780062314345,Breakfast of Champions,"[""Kurt Vonnegut""]","[""HarperAudio""]","Oct 15, 2013",,,,,
9780062314352,Cat's Cradle Low Price CD,"[""Kurt Vonnegut""]","[""HarperAudio""]","Oct 15, 2013",,,,,
9780062314369,Welcome to the Monkey House Low Price CD,"[""Kurt Vonnegut""]","[""HarperAudio""]","Oct 15, 2013",,,,,
9780091424008,Sun moon star,"[""Kurt Vonnegut""]","[""Hutchinson""]",1980,64.0,"[""1189729""]",,,
9780099267546,Timequake,"[""Kurt Vonnegut""]","[""Vintage""]",1998,219.0,"[""9594""]",,,
9780099268796,"Slaughterhouse Five Or, The Children's Crusade","[""Kurt Vonnegut""]","[""Arrow Books Ltd""]","Oct 05, 1997",,,,,
9780099275367,Timequake,"[""Kurt Vonnegut""]","[""Vintage""]",1998,217.0,"[""848479""]",,,
9780099277194,Timequake,"[""Kurt Vonnegut""]","[""Penguin Random House""]",1998,,,,,
9780099282969,Bagombo Snuff Box,"[""Kurt Vonnegut""]","[""Vintage""]","November 2, 2000",224.0,"[""4984""]",,,
9780099287698,Bagombo Snuff Box a Fmt (Export),"[""Kurt Vonnegut""]","[""Vintage""]","February 3, 2000",,"[""839892""]",,,
9780099387817,Palm Sunday / Welcome to the Monkeyhouse,"[""Kurt Vonnegut""]","[""Vintage""]",1994-07-21,672.0,"[""9607""]",,,
9780099458432,Slaughterhouse 5,"[""Kurt Vonnegut""]","[""Vintage""]","Oct 05, 2003",176.0,,,,
9780099496724,Slaughterhouse-Five,"[""Kurt Vonnegut""]","[""Penguin Random House""]",2005,,,,,
9780099524083,Armageddon in Retrospect,"[""Kurt Vonnegut""]","[""Penguin Random House""]",2009,256.0,,,,
9780099526094,,,,,,,,,
9780099529064,While Mortals Sleep,"[""Kurt Vonnegut""]","[""Penguin Random House""]",2011,272.0,,,,
9780099548850,Look At the Birdie,"[""Kurt Vonnegut""]","[""Vintage""]","Sep 16, 2010",272.0,,,,
9780099582694,Bluebeard,"[""Kurt Vonnegut""]","[""Vintage Books""]","Jun 07, 2012",,,,,
9780099582724,Deadeye Dick,"[""Kurt Vonnegut""]","[""Vintage Books""]","May 05, 2012",,,,,
9780099582731,Galapagos,"[""Kurt Vonnegut""]","[""Vintage Books""]","May 05, 2012",,,,,
9780099582939,Kurt Vonnegut,"[""Dan Wakefield""]","[""Vintage Classics""]","May 05, 2013",,,,,
9780099582946,Kurt Vonnegut,"[""Kurt Vonnegut""]","[""Penguin Random House""]",2014,464.0,,,,
9780099583479,Fates Worse Than Death,"[""Kurt Vonnegut""]","[""Vintage Classics""]","Nov 07, 2013",240.0,,,,
9780099583622,Fates Worse Than Death,"[""Kurt Vonnegut""]","[""Random House""]",,,,,,
9780099750413,Mother Night,"[""Kurt Vonnegut""]","[""Vintage""]",1997,176.0,"[""1233638""]",,,
9780099800200,"Slaughterhouse-five, or, The children's crusade: a duty-dance with death","[""Kurt Vonnegut""]","[""Vintage""]",2000,157.0,,,,
9780006482789,Sandman,"[""Neil Gaiman""]","[""TITAN GRAPHIC NOVELS"", ""Harper Collins - Voyager""]","April 19, 1996",368.0,"[""1051916""]",,,
9780007154340,Legends II,"[""Robert Silverberg"", ""Orson Scott Card""]","[""Voyager""]",2003,645.0,"[""1933470""]",,,
9780007523429,,,,,,,,,
9780007523436,The Silver Dream,"[""Neil Gaiman"", ""Michael Reaves"", ""Mallory Reaves"", ""Reaves""]","[""HarperCollinsChildrensBooks""]",2013,,,,,
9780007523443,Interworld,"[""Neil Gaiman"", ""Michael Reaves"", ""Reaves""]","[""HarperCollins Publishers Limited""]",2013,288.0,,,,
9780007523450,The Silver Dream,"[""Neil Gaiman"", ""Michael Reaves"", ""Mallory Reaves"", ""Reaves""]","[""HarperCollins Children's Books""]",2014,,,,,
9780007523467,Silver Dream,"[""Neil Gaiman"", ""Michael Reaves"", ""Mallory Reaves"", ""Reaves""]","[""HarperCollins Publishers Limited""]",2013,,,,,
9780007523474,The Silver Dream,"[""Neil Gaiman"", ""Michael Reaves"", ""Mallory Reaves"", ""Reaves""]","[""HarperCollinsChildrensBooks""]",,,,,,
9780007523481,Eternity's wheel,"[""Neil Gaiman"", ""Michael Reaves"", ""Mallory Reaves"", ""Reaves""]",,2015,,,,,
9780007523498,Eternity's Wheel,"[""Neil Gaiman"", ""Michael Reaves"", ""Mallory Reaves"", ""Reaves""]","[""HarperCollins Publishers Limited""]",2015,,,,,
9780007523504,Eternity's Wheel,"[""Neil Gaiman"", ""Michael Reaves"", ""Mallory Reaves"", ""Reaves""]","[""HARPER COLLINS""]",,,,,,
9780007581955,,,,,,,,,
9780007597710,,,,,,,,,
9780007597727,,,,,,,,,
9780008114343,,,,,,,,,
9780008115586,,,,,,,,,
9780008116361,,,,,,,,,
9780008116378,,,,,,,,,
9780008116392,,,,,,,,,
9780008143626,,,,,,,,,
9780060010607,American Gods,"[""Neil Gaiman""]","[""PerfectBound""]",2001-06,,"[""4404""]",,,
9780060010614,,,,,,,,,
9780060010621,American Gods,"[""Neil Gaiman""]","[""HarperCollins Publishers""]","Sep 05, 2001",,,,,
9780060010829,Stardust,"[""Neil Gaiman""]","[""HarperCollins""]",2001,,,,,
9780060010836,Stardust,"[""Neil Gaiman""]","[""Perfectbound""]","Jul 05, 2001",,,,,
9780060010843,Stardust,"[""Neil Gaiman""]","[""HarperCollins Publishers""]",2001,,,,,
9780060010850,Smoke and Mirrors,"[""Neil Gaiman"", ""Richard Chizmar"", ""William Peter Blatty"", ""Kealan Patrick Burke"", ""Brian Keene"", ""Joe Hill"", ""Joe R. Lansdale"", ""Ray Garton""]","[""HarperCollins""]",2001,,,,,
9780060010867,Smoke and Mirrors,"[""Neil Gaiman"", ""Richard Chizmar"", ""William Peter Blatty"", ""Kealan Patrick Burke"", ""Brian Keene"", ""Joe Hill"", ""Joe R. Lansdale"", ""Ray Garton""]","[""HarperCollins Publishers""]","Jan 05, 2002",,,,,
9780060010874,Smoke And Mirrors,"[""Neil Gaiman"", ""Richard Chizmar"", ""William Peter Blatty"", ""Kealan Patrick Burke"", ""Brian Keene"", ""Joe Hill"", ""Joe R. Lansdale"", ""Ray Garton""]","[""HarperCollins Publishers""]","Jan 05, 2001",,,,,
9780060093648,American Gods,"[""Neil Gaiman""]","[""William Morrow & Co, Inc.""]",2001,,"[""2707900""]",,,
9780060097226,Smoke and Mirrors,"[""Neil Gaiman"", ""Richard Chizmar"", ""William Peter Blatty"", ""Kealan Patrick Burke"", ""Brian Keene"", ""Joe Hill"", ""Joe R. Lansdale"", ""Ray Garton""]","[""HarperCollins Publishers""]",2001,,,,,
9780060097233,Stardust,"[""Neil Gaiman""]","[""HarperCollins Publishers""]",2009,,,,,
9780060509903,,,,,,,,,
9780060515188,Anansi Boys,"[""Neil Gaiman""]","[""William Morrow""]",2005,336.0,"[""59236367""]",,,
9780060515195,Anansi Boys,"[""Neil Gaiman""]","[""HarperTorch""]",2006-10,400.0,"[""59236553""]",,,
9780060515225,Fragile Things,"[""Neil Gaiman""]","[""William Morrow""]","September 26, 2006",400.0,"[""16788""]",,,
9780060515232,Fragile Things,"[""Neil Gaiman""]","[""Harper""]",2010-02,,,,,
9780060521882,Coraline - Diamond Distributors,"[""Neil Gaiman""]","[""HarperCollins Publishers"", ""HarperCollins""]",July 2002,192.0,"[""17063""]",,,
9780060528829,Coraline,"[""Neil Gaiman""]","[""HarperCollins Publishers""]",2002,,,,,
9780060528836,Coraline,"[""Neil Gaiman""]","[""HarperCollins""]",2002,,,,,
9780060528843,Coraline,"[""Neil Gaiman""]","[""Harper Collins""]","May 05, 2002",,,,,
9780060528850,Coraline,"[""Neil Gaiman""]","[""HarperCollins Publishers""]",2002,,,,,
9780060530877,The Wolves in the Walls,"[""Neil Gaiman"", ""Dave McKean""]","[""HarperCollins""]","Aug 05, 2003",56.0,,,,
9780060530921,,,,,,,,,
9780060530938,,,,,,,,,
9780060530945,,,,,,,,,
9780060557812,,,,,,,,,
9780060558123,,,,,,,,,
9780060568955,Coraline,"[""Neil Gaiman""]","[""HarperCollins Publishers""]",2003,,,,,
9780060571528,,,,,,,,,
9780007305087,,,,,,,,,
9780007385034,,,,,,,,,
9780060012335,,,,,,,,,
9780060012342,,,,,,,,,
9780060012359,The amazing Maurice and his educated rodents,"[""Terry Pratchett""]","[""HarperTrophy""]",2003,,,,,
9780060012366,The Wee Free Men,"[""Terry Pratchett"", ""Paul Kidby""]","[""HarperCollins Publishers""]",2003,,,,,
9780060012373,,,,,,,,,
9780060012380,The Wee Free Men,"[""Terry Pratchett"", ""Paul Kidby""]","[""HarperTrophy""]",2004,375.0,,,,
9780060013110,Night watch,"[""Terry Pratchett""]","[""HarperCollins""]",2002,338.0,"[""596884""]",,,
9780060013127,Night Watch,"[""Terry Pratchett""]","[""HarperTorch""]",2003,432.0,,,,
9780060013134,Going postal,"[""Terry Pratchett""]","[""HarperCollins Publishers""]",2004,377.0,"[""34539""]",,,
9780060013158,Monstrous regiment,"[""Terry Pratchett""]","[""HarperCollins Publishers""]",2003,353.0,"[""513534""]",,,
9780060013165,Monstrous Regiment,"[""Terry Pratchett""]","[""HarperTorch""]",2004,416.0,"[""386371""]",,,
9780060094935,The Bromeliad trilogy,"[""Terry Pratchett""]","[""HarperCollins Publisher""]",2003,502.0,"[""34495"", ""7032996""]",,,
9780060094942,Diggers,"[""Terry Pratchett""]","[""HarperTrophy""]",2004,204.0,"[""47991""]",,,
9780060094959,,,,,,,,,
9780060094966,Truckers,"[""Terry Pratchett""]","[""HarperTrophy""]",2004,261.0,"[""34542""]",,,
9780060177508,,,,,,,,,
9780060177515,Lords and Ladies,"[""Terry Pratchett""]","[""Harpercollins""]",October 1995,,,,,
9780060196455,Fifth Elephant,"[""Terry Pratchett""]","[""CORGI BOOKS (TWLD)""]","May 05, 2000",,,,,
9780060199562,Thief of time,"[""Terry Pratchett""]","[""HarperCollins""]",2001,324.0,"[""34522""]",,,
9780060502935,Going postal,"[""Terry Pratchett""]","[""HarperTorch""]",2004,358.0,,,,
9780060507770,,,,,,,,,
9780060541859,Only You Can Save Mankind,"[""Terry Pratchett""]","[""HarperCollins Publishers""]",2005,,,,,
9780060541866,Only you can save mankind,"[""Terry Pratchett""]","[""HarperCollins Publishers""]",2005,207.0,"[""607387"", ""3261027""]",,,
9780060541873,,,,,,,,,
9780060541880,Johnny and the dead,"[""Terry Pratchett"", ""Albert Vit\u00f3 i Godina""]","[""HarperCollins"", ""Harpercollins""]",2006,224.0,"[""34528"", ""64390""]",,,
9780060541897,Johnny and the dead,"[""Terry Pratchett"", ""Albert Vit\u00f3 i Godina""]","[""HarperCollins Publishers""]",2006,213.0,"[""34528"", ""64390""]",,,
9780060541903,Johnny and the Dead (Johnny Maxwell Trilogy),"[""Terry Pratchett"", ""Albert Vit\u00f3 i Godina""]","[""HarperTrophy""]","April 3, 2007",224.0,"[""34531""]",,,
9780060541910,Johnny and the bomb,"[""Terry Pratchett""]","[""HarperCollins Publishers""]",2007,245.0,"[""1345912"", ""64385""]",,,
9780060541927,Johnny and the bomb,"[""Terry Pratchett""]","[""HarperCollins Publishers""]",2007,245.0,"[""1345912"", ""64385""]",,,
9780060541934,Johnny and the Bomb,"[""Terry Pratchett""]","[""HarperTrophy""]",2008,256.0,"[""1345913""]",,,
9780060548551,,,,,,,,,
9780060566258,The Wee Free Men,"[""Terry Pratchett"", ""Paul Kidby""]","[""HarperChildren's Audio""]","September 30, 2003",,"[""2792178""]",,,
9780060569969,Monstrous Regiment,"[""Terry Pratchett""]","[""HarperAudio""]","September 30, 2003",,"[""1345914""]",,,
9780060578152,Monstrous Regiment,"[""Terry Pratchett""]","[""HarperCollins Publishers""]",2003,,,,,
9780060586607,A Hat Full of Sky,"[""Terry Pratchett""]","[""HarperCollins""]",2004,278.0,"[""596878"", ""934161""]",,,
9780060586614,A Hat Full of Sky,"[""Terry Pratchett""]","[""HarperCollins Publishers""]",2004,278.0,"[""934161"", ""596878""]",,,
9780060586621,A Hat Full of Sky,"[""Terry Pratchett""]","[""HarperTrophy""]",2005,407.0,"[""618145""]",,,
9780060597726,A Hat Full of Sky,"[""Terry Pratchett""]",,,,,,,
9780060740887,Going Postal (Discworld),"[""Terry Pratchett""]","[""HarperAudio""]","September 28, 2004",,"[""533625""]",,,
9780060740993,,,,,,,,,
9780060743734,Monstrous Regiment,"[""Terry Pratchett""]","[""HarperAudio""]",,,"[""2068054""]",,,
9780060758271,The Art of Discworld,"[""Terry Pratchett"", ""Paul Kidby""]","[""HarperCollins""]","November 2, 2004",128.0,"[""325355""]",,,
9780060785987,The Wee Free Men A Story Of Discworld,"[""Terry Pratchett"", ""Paul Kidby""]","[""Harper Children's Audio""]",2005,,,,,
9780060798826,,,,,,,,,
9780060815226,Thud!,"[""Terry Pratchett""]","[""HarperCollins Publishers""]",2005,373.0,"[""513533""]",,,
9780060815318,Thud!,"[""Terry Pratchett""]","[""HarperTorch""]","August 29, 2006",398.0,"[""386375""]",,,
9780060823450,Thud!,"[""Terry Pratchett""]","[""HarperAudio""]",2005-09-13,,"[""1514579""]",,,
9780002246217,Gold,"[""Isaac Asimov""]","[""HarperCollins""]",1995,345.0,"[""1286803""]",,,
9780002550048,Asimov's chronology of the world,"[""Isaac Asimov""]","[""HarperCollins""]",1991,674.0,"[""2454977""]",,,
9780003701692,The Complete Robot,"[""Isaac Asimov"", ""Lewis Jones""]","[""Pearson English Language Teaching""]","November 3, 1986",48.0,"[""545003""]",,,
9780006476474,"The Complete Stories, Volume 1","[""Isaac Asimov""]","[""HarperCollins""]",1994,612.0,"[""824194""]",,,
9780006480167,The complete stories 2,"[""Isaac Asimov""]","[""HarperCollins""]",1995,464.0,"[""85450""]",,,
9780006482024,,,,,,,,,
9780007115877,Foundation,"[""Isaac Asimov""]","[""Voyager""]","Jun 18, 2001",240.0,,,,
9780007119639,"I, Robot","[""Isaac Asimov""]","[""Harper Collins""]","Nov 21, 2001",256.0,,,,
9780007270415,The Robots Of Dawn,"[""Isaac Asimov""]","[""Harper Collins UK""]","May 05, 2008",,,,,
9780007270439,Foundation And Earth,"[""Isaac Asimov""]","[""MLBD""]","May 05, 2008",,,,,
9780007270446,Foundation And Empire,"[""Isaac Asimov""]","[""Harper Collins UK""]","May 05, 1968",,,,,
9780007270460,Gold,"[""Isaac Asimov""]","[""Harper Collins UK""]","May 05, 2008",,,,,
9780007270491,Prelude to Foundation,"[""Isaac Asimov""]","[""HarperCollins Publishers""]",1996,,,,,
9780007270521,The End Of Eternity,"[""Isaac Asimov""]","[""Harper Collins UK""]",1971,,,,,
9780007270538,The Naked Sun,"[""Isaac Asimov""]","[""MLBD""]","May 05, 2008",,,,,
9780007270545,The Rest Of The Robots,"[""Isaac Asimov""]","[""Harper Collins.India""]",1997,,,,,
9780007361595,The Complete Robot,"[""Isaac Asimov""]","[""Harper Collins UK""]","May 05, 2010",,,,,
9780007376032,Gold,"[""Isaac Asimov""]","[""Voyager""]",2010,,,,,
9780007491513,I Robot,"[""Isaac Asimov""]","[""Harper Collins Publishers""]","May 05, 2013",,,,,
9780007532278,"I, Robot","[""Isaac Asimov""]","[""Harper Voyager""]",2013,245.0,,,,
9780007719518,"I, Robot","[""Isaac Asimov""]","[""HarperCollins""]",1996-01-01,,,,,
9780007777709,The caves of Steel and The Rest of the Robots,"[""Isaac Asimov""]","[""Grafton""]",,,,,,
9780007933563,Foundation and Empire,"[""Isaac Asimov""]","[""Harper Voyager""]",2013,,,,,
9780007933570,Second Foundation,"[""Isaac Asimov""]","[""Harper. 1 Paperback(s)""]","May 05, 2013",,,,,
9780008117481,,,,,,,,,
9780008117498,Foundation,"[""Isaac Asimov""]","[""HARPER COLLINS""]",2016,240.0,,,,
9780008117504,Foundation and Empire,"[""Isaac Asimov""]","[""Harper Voyager""]",2016,230.0,,,,
9780008117511,Second Foundation,"[""Isaac Asimov""]","[""Harper Voyager""]",2016,227.0,,,,
9780008117535,Foundation and Earth,"[""Isaac Asimov""]","[""Harper Voyager Harper Collins Publishers""]","Mar 18, 2016",,,,,
9780008277765,The Caves of Steel,"[""Isaac Asimov""]","[""HarperVoyager""]","Apr 19, 2018",272.0,,,,
9780008277772,The Naked Sun,"[""Isaac Asimov""]","[""HarperVoyager""]",19 April 2018,256.0,,,,
9780008277789,Robots of Dawn,"[""Isaac Asimov""]","[""HARPER VOYAGER""]","Jul 06, 2018",,,,,
9780008277796,Robots and Empire,"[""Isaac Asimov""]","[""Harper Collins USA""]",,,,,,
9780008277802,The Rest of the Robots,"[""Isaac Asimov""]","[""Fiction""]","Mar 17, 2018",,,,,
9780008277819,"The Complete Robot [Paperback] [Jan 01, 2018] ISAAC ASIMOV","[""Isaac Asimov""]","[""Fiction""]","Mar 14, 2018",,,,,
9780008279554,"I, Robot","[""Isaac Asimov""]","[""Fiction""]","May 17, 2018",,,,,
9780008305918,,,,,,,,,
9780008305925,,,,,,,,,
9780008305932,,,,,,,,,
9780008305949,,,,,,,,,
9780008372347,"The Stars, Like Dust","[""Isaac Asimov""]","[""HarperVoyager""]","Aug 08, 2019",224.0,,,,
9780008372354,Pebble in the Sky,"[""Isaac Asimov""]","[""HarperVoyager""]","July 25, 2019",224.0,,,,
9780020913504,World of Carbon,"[""Isaac Asimov""]","[""Macmillan Pub Co""]",March 1962,,"[""977250""]",,,
9780060156121,Asimov's chronology of science and discovery,"[""Isaac Asimov""]","[""Harper & Row""]",1989,707.0,"[""2517807""]",,,
9780060201678,Young extraterrestrials,"[""Isaac Asimov"", ""Martin H. Greenberg"", ""Charles G. Waugh"", ""Keith Laumer"", ""Lloyd Biggle Jr"", ""Piers Anthony"", ""Eric Frank Russell"", ""Frank Belknap Long"", ""R. A. Lafferty"", ""Jesse F. Bone"", ""Edward D. Hoch"", ""Zenna Henderson"", ""Murray Leinster"", ""James E. Gunn""]","[""Harper & Row""]",1984,240.0,"[""4503875"", ""2089879""]",,,
9780060201685,Young Extraterrestrials,"[""Isaac Asimov"", ""Martin H. Greenberg"", ""Charles G. Waugh""]","[""Harper & Row, Publishers""]","Oct 01, 1984",240.0,,,,
9780060556525,Gold,"[""Isaac Asimov""]","[""Eos""]",2003,399.0,"[""41832""]",,,
9780060744700,Gold,"[""Isaac Asimov""]","[""HarperCollins Publishers""]",2004,,,,,
9780006545729,Searoad Chronicles of Klatsand,"[""Ursula K. Le Guin""]","[""Flamingo""]",June 1995,208.0,"[""92612""]",,,
9780006547891,The Dispossessed,"[""Ursula K. Le Guin""]","[""HarperCollins Publishers""]","July 2, 1994",,"[""3423131""]",,,
9780007305087,Legends : Eleven New Works by the Masters of Modern Fantasy,"[""Robert Silverberg"", ""Orson Scott Card"", ""Stephen King"", ""Robert Jordan"", ""Robert A. Silverberg""]",,,,,,,
9780007385034,Legends,"[""Robert Silverberg"", ""Orson Scott Card"", ""Stephen King"", ""Robert Jordan"", ""Robert A. Silverberg""]","[""HarperCollins Publishers Limited""]",2010,,,,,
9780020478003,,,,,,,,,
9780057502320,The  word for world is forest,"[""Ursula K. Le Guin""]","[""Gollancz"", ""Orion Publishing Group, Limited""]",1977,128.0,,,,
9780060085346,The Birthday of the World,"[""Ursula K. Le Guin""]","[""Perfectbound""]","Jan 05, 2002",,,,,
9780060085353,The Birthday of the World,"[""Ursula K. Le Guin""]","[""Perfectbound""]","Jan 05, 2002",,,,,
9780060085360,The Birthday of the World,"[""Ursula K. Le Guin""]","[""HarperCollins""]",2002,,,,,
9780060125592,Planet of exile,"[""Ursula K. Le Guin""]","[""Harper & Row""]",1978,140.0,"[""1668688""]",,,
9780060125615,Orsinian Tales,"[""Ursula K. Le Guin""]","[""Harper & Row""]",1976,179.0,"[""937411""]",,,
9780060125622,The  wind's twelve quarters,"[""Ursula K. Le Guin""]","[""Harper & Row""]",1975,303.0,"[""92614""]",,,
9780060125639,The Dispossessed,"[""Ursula K. Le Guin""]","[""Gollancz""]",1999,341.0,"[""361523""]",,,
9780060125684,Rocannon's world,"[""Ursula K. Le Guin""]","[""Harper & Row""]",1977,136.0,"[""1367540""]",,,
9780060125691,City of illusions,"[""Ursula K. Le Guin""]","[""Harper & Row""]",1978,199.0,"[""1213519""]",,,
9780060125738,The  beginning place,"[""Ursula K. Le Guin""]","[""Harper & Row""]",1980,183.0,"[""769773""]",,,
9780060125745,,,,,,,,,
9780060149888,,,,,,,,,
9780060150860,,,,,,,,,
9780060154561,Always coming home,"[""Ursula K. Le Guin""]","[""Harper & Row""]",1985,523.0,"[""429939""]",,,
9780060155452,Always Coming Home,"[""Ursula K. Le Guin""]","[""Harper & Row""]",1985,523.0,"[""1065728"", ""1342246""]",,,
9780060155629,Always Coming Home,"[""Ursula K. Le Guin""]","[""Harpercollins"", ""HarperCollins""]","Oct 01, 1985",576.0,,,,
9780060155643,,,,,,,,,
9780060167400,Searoad,"[""Ursula K. Le Guin""]","[""HarperCollins""]",1991,193.0,"[""429949""]",,,
9780060168353,The  language of the night,"[""Ursula K. Le Guin""]","[""HarperCollins Publishers""]",1992,250.0,"[""429983""]",,,
9780060172602,Unlocking the air and other stories,"[""Ursula K. Le Guin""]","[""HarperCollins""]",1996,207.0,"[""429936""]",,,
9780060503970,Dispossessed,"[""Ursula K. Le Guin""]","[""HarperCollins Publishers""]",2002,,,,,
9780060503987,Dispossessed,"[""Ursula K. Le Guin""]","[""HarperCollins Publishers""]",2002,,,,,
9780060503994,Dispossessed,"[""Ursula K. Le Guin""]","[""HarperCollins Publishers""]",2002,,,,,
9780060504007,,,,,,,,,
9780060504014,,,,,,,,,
9780060509064,The Birthday of the World,"[""Ursula K. Le Guin""]","[""Harper Perennial""]","March 4, 2003",384.0,"[""68021""]",,,
9780060512743,The  lathe of heaven,"[""Ursula K. Le Guin""]","[""Perennial Classics""]",2003,175.0,"[""59924""]",,,
9780060512750,The Dispossessed,"[""Ursula K. Le Guin""]","[""Harper Perennial""]","August 19, 2003",400.0,,,,
9780060551018,,,,,,,,,
9780060553562,Going out with peacocks and other poems,"[""Ursula K. Le Guin""]","[""HarperPerennial""]",1994,82.0,"[""6451851"", ""429953""]",,,
9780060760298,Four ways to forgiveness,"[""Ursula K. Le Guin""]","[""Perennial""]",2004,320.0,"[""92605""]",,,
9780060763435,Orsinian tales,"[""Ursula K. Le Guin""]","[""Perennial""]",2004,216.0,"[""92623""]",,,
9780060763510,A Fisherman of the Inland Sea,"[""Ursula K. Le Guin""]","[""Perennial""]",2005,,"[""68022""]",,,
9780060771393,Dispossessed,"[""Ursula K. Le Guin""]","[""HarperCollins Publishers""]",2004,,,,,
9780060771577,The Birthday of the World,"[""Ursula K. Le Guin""]","[""HarperCollins""]",2002,,,,,
9780060914332,Orsinian tales,"[""Ursula K. Le Guin""]","[""Harper & Row""]",1987,179.0,"[""937408""]",,,
9780060914349,The  wind's twelve quarters,"[""Ursula K. Le Guin""]","[""Harper & Row""]",1987,303.0,"[""819680""]",,,
9780060914479,The  compass rose,"[""Ursula K. Le Guin""]","[""Perennial""]",2005,,"[""894498""]",,,
9780060923297,Searoad,"[""Ursula K. Le Guin""]","[""Harper Perennial""]",October 1992,208.0,"[""1598016""]",,,
9780060924126,The Language of the Night,"[""Ursula K. Le Guin""]","[""Perennial""]",June 1993,256.0,"[""477298""]",,,
9780060928032,Unlocking the Air,"[""Ursula K. Le Guin""]","[""Harper Perennial""]","January 15, 1997",207.0,"[""92600""]",,,
9780060950576,Going out with peacocks and other poems,"[""Ursula K. Le Guin""]","[""HarperPerennial""]",1994,82.0,"[""6451851"", ""429953""]",,,
9780060960230,Connecting,"[""Tom Myers""]","[""Harper & Row""]",1987,286.0,"[""2647279"", ""1342246""]",,,
9780060962272,Wild oats and fireweed,"[""Ursula K. Le Guin""]","[""Harper & Row""]",1987,90.0,"[""3939568"", ""429954""]",,,
9780283984259,Mind of my mind,"[""Octavia E. Butler""]","[""Sidgwick and Jackson""]",1978,169.0,"[""1358519""]",,,
9780283984655,Survivor,"[""Octavia E. Butler""]","[""Sidgwick & Jackson Ltd""]","Aug 27, 1978",192.0,,,,
9780283984976,Science Fiction Special: No. 31,,"[""Sidg. & J""]","Aug 30, 1979",582.0,,,,
9780283985102,Science Fiction Special: No. 32,"[""Octavia E. Butler""]","[""Sidg. & J""]","Mar 12, 1981",650.0,,,,
9780283985928,Wild seed,"[""Octavia E. Butler""]","[""Sidgwick and Jackson""]",1980,248.0,"[""256916""]",,,
9780283990274,Science fiction special 44,"[""Octavia E. Butler"", ""Poul Anderson"", ""Norman Spinrad""]","[""Sidgwick & Jackson""]",1983,853.0,,,,
9780312143213,Clay's ark,"[""Octavia E. Butler"", ""Neal Ghant""]","[""St. Martin's Press""]",1984,201.0,"[""1022044""]",,,
9780318613833,,,,,,,,,
9780329515171,,,,,,,,,
9780380409723,Mind of my mind,"[""Octavia E. Butler""]","[""Avon""]",1978,221.0,"[""2473188""]",,,
9780380418060,Patternmaster,"[""Octavia E. Butler"", ""O E Butler"", ""Eugene H. Russell IV""]","[""Avon""]",1979,160.0,"[""1356353""]",,,
9780385121972,Patternmaster,"[""Octavia E. Butler"", ""O E Butler"", ""Eugene H. Russell IV""]","[""Doubleday""]",1976,186.0,"[""256927""]",,,
9780385126007,Mind of my mind,"[""Octavia E. Butler""]","[""Doubleday""]",1977,168.0,"[""1356350""]",,,
9780385133852,Survivor,"[""Octavia E. Butler""]","[""Doubleday""]",1978,185.0,"[""379302""]",,,
9780385150590,Kindred,"[""Octavia E. Butler"", ""SparkNotes""]","[""Doubleday""]",1979,264.0,"[""1356358""]",,,
9780385151603,,,,,,,,,
9780441110896,,,,,,,,,
9780445205161,,,,,,,,,
9780445205376,Wild seed,"[""Octavia E. Butler""]","[""Popular Library""]",1980,279.0,"[""968848""]",,,
9780445207790,Dawn,"[""Octavia E. Butler""]","[""Warner Books""]",1988,248.0,"[""1021982""]",,,
9780445209022,,,,,,,,,
9780445209039,,,,,,,,,
9780445209770,Imago,"[""Octavia E. Butler""]","[""Warner Books""]",1989,220.0,"[""1356352""]",,,
9780446178891,Fledgling,"[""Octavia E. Butler""]","[""Grand Central Publishing""]",2007,,,,,
9780446361880,,,,,,,,,
9780446362818,Pattern-master.,"[""Octavia E. Hill""]","[""Warner"", ""Warner Books""]",1976,202.0,"[""116256""]",,,
9780446507943,Fledgling,"[""Octavia E. Butler""]","[""Grand Central Publishing""]",2007,,,,,
9780446510837,Dawn,"[""Octavia E. Butler""]","[""Grand Central Publishing""]",2007,,,,,
9780446513630,Dawn,"[""Octavia E. Butler""]","[""Warner Books""]",1987,264.0,"[""1021984""]",,,
9780446514224,Adulthood Rites,"[""Octavia E. Butler""]","[""Warner Books""]",1988,277.0,"[""60927""]",,,
9780446514729,Imago,"[""Octavia E. Butler""]","[""Warner Books""]",1989,264.0,"[""2130483""]",,,
9780446545358,Lilith's Brood,"[""Octavia E. Butler""]","[""Grand Central Publishing""]",2008,,,,,
9780446545365,Imago,"[""Octavia E. Butler""]","[""Grand Central Publishing""]",2008,,,,,
9780446545372,Adulthood Rites,"[""Octavia E. Butler""]","[""Grand Central Publishing""]",2008,,,,,
9780446601979,,,,,,,,,
9780446603638,Imago,"[""Octavia E. Butler""]","[""Aspect""]","April 1, 1997",220.0,"[""60934""]",,,
9780446603706,Clay's ark,"[""Octavia E. Butler"", ""Neal Ghant""]","[""Warner Books""]",1996,213.0,"[""60933""]",,,
9780446603775,Dawn,"[""Octavia E. Butler""]","[""Warner Books""]",1997,248.0,,,,
9780446603782,Adulthood rites,"[""Octavia E. Butler""]","[""Warner"", ""Warner Books""]",1997,277.0,"[""116249""]",,,
9780446606721,Wild seed,"[""Octavia E. Butler""]","[""Warner Books""]",1999,279.0,"[""764647""]",,,
9780446610384,Parable of the talents,"[""Octavia E. Butler""]","[""Warner Books""]",2001,448.0,"[""60932""]",,,
9780446675505,Parable of the Sower,"[""Octavia E. Butler""]","[""Warner Books""]",2000,345.0,"[""52397""]",,,
9780446675789,Parable of the Talents,"[""Octavia E. Butler""]","[""Warner Books""]","January 1, 2000",424.0,,,,
9780446676106,Lilith’s Brood,"[""Octavia E. Butler""]","[""Aspect/Warner Books""]",2000,746.0,"[""60926""]",,,
9780446676977,,,,,,,,,
9780446696166,Fledgling,"[""Octavia E. Butler""]","[""Warner Books""]",2007,310.0,"[""60925""]",,,
9780446698900,Seed to Harvest,"[""Octavia E. Butler""]","[""Grand Central Publishing"", ""Warner Books""]","January 5, 2007",784.0,"[""60924""]",,,
9780446790024,,,,,,,,,
9780446790031,,,,,,,,,
9780451086730,Survivor,"[""Octavia E. Butler""]","[""Signet""]","May 1, 1979",,"[""256890""]",,,
9780002179089,The Canlit foodbook,"[""Margaret Atwood""]","[""Totem Books""]",1987,216.0,"[""1133655""]",,,
9780007113606,The Blind Assassin,"[""Margaret Atwood""]","[""Harpercollins Pub Ltd""]","Sep 30, 2000",,,,,
9780007154746,The Blind Assassin,"[""Margaret Atwood""]","[""HarperCollins Audio""]","January 20, 2003",,"[""441769""]",,,
9780007159703,,,,,,,,,
9780007159710,,,,,,,,,
9780007218448,The Blind Assassin,,,,,,,,
9780007219643,,,,,,,,,
9780007293841,,,,,,,,,
9780007293858,,,,,,,,,
9780007623419,Margaret Atwood Collection,,"[""HarperCollins Audio""]",,,,,,
9780009760679,,,,,,,,,
9780060101633,You are happy,"[""Margaret Atwood""]","[""Harper & Row""]",1974,96.0,"[""694166"", ""7025997""]",,,
9780060101640,You Are Happy,"[""Margaret Atwood""]","[""Harpercollins"", ""HarperCollins""]",June 1975,96.0,"[""694166""]",,,
9780060101664,Power politics,"[""Margaret Atwood""]","[""Harper & Row""]",1973,56.0,"[""2935985"", ""3128794""]",,,
9780060101671,Power politics,"[""Margaret Atwood""]","[""Harper & Row""]",1973,56.0,"[""2935985"", ""3128794""]",,,
9780063032491,Dearly,"[""Margaret Atwood""]","[""Ecco""]",2020,144.0,,,,
9780063032507,Dearly,"[""Margaret Atwood""]","[""Ecco""]","Nov 02, 2021",224.0,,,,
9780063032514,Dearly,"[""Margaret Atwood""]","[""HarperCollins Publishers""]",2020,144.0,,,,
9780063032583,,,,,,,,,
9780063032590,,,,,,,,,
9780099496953,The Handmaid's Tale,"[""Margaret Atwood""]","[""Vintage Books USA""]","Sep 01, 2005",336.0,,,,
9780099511663,The Handmaid's Tale,"[""Margaret Atwood""]","[""Vintage Classics""]","October 7, 2010",336.0,,,,
9780099563143,Handmaid's Tale,"[""Margaret Atwood""]","[""Vintage Books""]","Aug 01, 2011",320.0,,,,
9780099594024,Hag-Seed,"[""Margaret Atwood""]","[""Vintage""]",2017,320.0,,,,
9780099740810,Bodily Harm,"[""Margaret Atwood""]","[""Vintage Books""]",2007,304.0,"[""1179953""]",,,
9780099740919,The Handmaid's Tale,"[""Margaret Atwood""]","[""Vintage Books""]",/2009,324.0,"[""60774420""]",,,
9780099741015,Life before man,"[""Margaret Atwood""]","[""Vintage""]",1996,317.0,"[""1243016""]",,,
9780099741114,Dancing Girls (Contemporary Classics),"[""Margaret Atwood""]","[""Vintage""]","July 5, 2007",240.0,"[""1356554""]",,,
9780099741213,Bluebeard's egg and other stories,"[""Margaret Atwood""]","[""Vintage""]",1996,281.0,"[""856923""]",,,
9780099744719,Bluebeard's egg,"[""Margaret Atwood""]","[""Vintage""]",1996,281.0,"[""856924""]",,,
9780099744917,Dancing girls and other stories,"[""Margaret Atwood""]","[""Vintage""]",1996,240.0,"[""1379773""]",,,
9780099745013,The Handmaid's Tale,"[""Margaret Atwood""]","[""Vintage""]",1996,324.0,"[""941644""]",,,
9780099745112,Life Before Man,"[""Margaret Atwood""]","[""Vintage""]","Sep 26, 1996",,,,,
9780099746614,Bodily harm,"[""Margaret Atwood""]","[""Vintage""]",1996,301.0,"[""319419""]",,,
9780099764816,The Handmaid's Tale,"[""Margaret Atwood""]","[""Vintage""]",,,,,,
9780103863610,,,,,,,,,
9780144000920,The Penelopiad,"[""Margaret Atwood""]","[""Penguin Books""]",2005,162.0,"[""902784""]",,,
9780195401691,The journals of Susanna Moodie,"[""Margaret Atwood""]","[""Oxford University Press""]",1970,64.0,,,,
9780195401752,Procedures for underground,"[""Margaret Atwood""]","[""Oxford University Press""]",1970,79.0,"[""2110604""]",,,
9780195402230,You are happy,"[""Margaret Atwood""]","[""Oxford University Press""]",1974,96.0,"[""1286891""]",,,
9780195402926,Two-headed poems,"[""Margaret Atwood""]","[""Oxford University Press""]",1978,112.0,"[""1539057""]",,,
9780195404517,Interlunar,"[""Margaret Atwood""]","[""Oxford University Press""]",1984,103.0,"[""1537569""]",,,
9780195405613,Selected poems II,"[""Margaret Atwood""]","[""Oxford University Press""]",1986,176.0,"[""859548""]",,,
9780195408089,"Selected Poems, 1966-1984","[""Margaret Atwood""]","[""Oxford University Press""]",1990,320.0,"[""336767""]",,,
9780195413519,Strange things,"[""Margaret Atwood""]","[""Clarendon Press""]",1995,,"[""1735366""]",,,
9780198119760,Strange Things,"[""Margaret Atwood""]","[""Oxford University Press, USA""]","January 18, 1996",160.0,"[""72585""]",,,
9780221042768,,,,,,,,,
9780221042775,,,,,,,,,
9780221067969,,,,,,,,,
9780221068140,,,,,,,,,
9780007305087,Legends : Eleven New Works by the Masters of Modern Fantasy,"[""Robert Silverberg"", ""Orson Scott Card"", ""Stephen King"", ""Robert Jordan"", ""Robert A. Silverberg""]",,,,,,,
9780007385034,Legends,"[""Robert Silverberg"", ""Orson Scott Card"", ""Stephen King"", ""Robert Jordan"", ""Robert A. Silverberg""]","[""HarperCollins Publishers Limited""]",2010,,,,,
9780060877361,,,,,,,,,
9780060877378,,,,,,,,,
9780060877385,,,,,,,,,
9780060877392,The Unicorn Girl,"[""Anne McCaffrey"", ""Margaret Ball""]","[""HarperCollins""]",2005,,,,,
9780060877408,The Unicorn Girl,"[""Anne McCaffrey"", ""Margaret Ball""]","[""HarperCollins""]",2005,,,,,
9780060877491,,,,,,,,,
9780060877507,,,,,,,,,
9780060877514,,,,,,,,,
9780060877521,Acorna's Quest,"[""Anne McCaffrey"", ""Margaret Ball""]","[""HarperCollins""]",2005,,,,,
9780060877538,Acorna's Quest,"[""Anne McCaffrey"", ""Margaret Ball""]","[""HarperCollins""]",2005,,,,,
9780060877712,,,,,,,,,
9780060877729,,,,,,,,,
9780060877743,,,,,,,,,
9780060877750,Acorna's Rebels,"[""Anne McCaffrey"", ""Elizabeth Ann Scarborough""]","[""HarperCollins""]",2005,,,,,
9780060877767,Acorna's Rebels,"[""Anne McCaffrey"", ""Elizabeth Ann Scarborough""]","[""HarperCollins""]",2005,,,,,
9780060879648,,,,,,,,,
9780060879655,,,,,,,,,
9780060879662,,,,,,,,,
9780060879679,Acorna's World,"[""Anne McCaffrey"", ""Elizabeth Ann Scarborough""]","[""HarperCollins""]",2005,,,,,
9780060879693,Acorna's World,"[""Anne McCaffrey"", ""Elizabeth Ann Scarborough""]","[""HarperCollins""]",2005,,,,,
9780060879969,,,,,,,,,
9780060879976,,,,,,,,,
9780060879983,,,,,,,,,
9780060879990,Acorna's Search,"[""Anne McCaffrey"", ""Elizabeth Ann Scarborough""]","[""HarperCollins""]",2005,,,,,
9780060880002,Acorna's Search,"[""Anne McCaffrey"", ""Elizabeth Ann Scarborough""]","[""HarperCollins""]",2005,,,,,
9780061050039,Dragonflight,"[""Anne McCaffrey""]","[""HarperCollins Publishers""]",March 1993,,"[""784908""]",,,
9780061050954,Acorna's World,"[""Anne McCaffrey"", ""Elizabeth Ann Scarborough""]","[""EOS""]",2000,306.0,"[""491006""]",,,
9780061052965,Acorna,"[""Anne McCaffrey"", ""Margaret Ball""]","[""HarperPrism""]",1997,291.0,"[""1598829""]",,,
9780061052972,Acorna's Quest,"[""Anne McCaffrey"", ""Margaret Ball""]","[""HarperPrism""]",1998,292.0,"[""1017629""]",,,
9780061053757,Acorna's Quest (Acorna (Paperback)),"[""Anne McCaffrey"", ""Margaret Ball""]","[""HarperCollins Publishers""]",December 2001,,"[""61965""]",,,
9780061055317,A diversity of dragons,"[""Anne McCaffrey""]","[""HarperPrism, a division of HarperCollins Publishers""]",1997,96.0,"[""61944""]",,,
9780061055416,The Unicorn Girl.,"[""Anne McCaffrey"", ""Margaret Ball""]","[""Harpercollins Publishers""]",1998,,,,,
9780061057908,Acorna's Quest,"[""Anne McCaffrey"", ""Margaret Ball""]","[""Eos""]","July 1, 1999",416.0,"[""829806""]",,,
9780061059841,Acorna's World (Acorna),"[""Anne McCaffrey"", ""Elizabeth Ann Scarborough""]","[""HarperTorch""]","October 1, 2001",384.0,"[""238937""]",,,
9780061121166,,,,,,,,,
9780061121173,,,,,,,,,
9780061160677,Acorna's World,"[""Anne McCaffrey"", ""Elizabeth Ann Scarborough""]","[""HarperCollins Publishers""]",2005,,,,,
9780061160707,,,,,,,,,
9780061160714,Acorna's Rebels,"[""Anne McCaffrey"", ""Elizabeth Ann Scarborough""]","[""HarperCollins Publishers""]",2005,,,,,
9780061160721,,,,,,,,,
9780061160745,Acorna,"[""Anne McCaffrey"", ""Margaret Ball""]","[""HarperCollins Publishers""]",2005,,,,,
9780061798344,The Unicorn Girl,"[""Anne McCaffrey"", ""Margaret Ball""]","[""HarperCollins""]",2005,,,,,
9780061807169,Acorna's Quest,"[""Anne McCaffrey"", ""Margaret Ball""]","[""HarperCollins""]",2005,,,,,
9780061808562,Acorna's World,"[""Anne McCaffrey"", ""Elizabeth Ann Scarborough""]","[""HarperCollins""]",2005,,,,,
9780061809316,Acorna's Search,"[""Anne McCaffrey"", ""Elizabeth Ann Scarborough""]","[""HarperCollins""]",2005,,,,,
9780061809644,Acorna's Rebels,"[""Anne McCaffrey"", ""Elizabeth Ann Scarborough""]","[""HarperCollins""]",2005,,,,,
9780099301424,The Dragonlover's Guide to Pern,"[""Jody Lynn""]","[""Random House UK Ltd (A Division of Random House Group)""]","December 31, 1992",,"[""2181788""]",,,
9780006483700,Fortress of Eagles,"[""C. J. Cherryh""]","[""HarperCollins Publishers Limited""]",1999,,,,,
9780006483915,Fortress of owls,"[""C. J. Cherryh""]","[""Voyager""]",2000,406.0,"[""1792874""]",,,
9780060010690,Hammerfall,"[""C. J. Cherryh""]","[""HarperCollins""]",2001,,,,,
9780060010706,Hammerfall,"[""C. J. Cherryh""]","[""HarperCollins Publishers Limited""]",2001,,,,,
9780060010713,Hammerfall,"[""C. J. Cherryh""]","[""HarperCollins Publishers""]",2001,,,,,
9780060097509,,,,,,,,,
9780060729585,,,,,,,,,
9780060729592,,,,,,,,,
9780060729608,Forge of Heaven,"[""C. J. Cherryh""]","[""HarperCollins""]",2004,,,,,
9780060762742,,,,,,,,,
9780060762759,,,,,,,,,
9780060762766,,,,,,,,,
9780060762773,Fortress of Dragons,"[""C. J. Cherryh""]","[""HarperCollins""]",2004,,,,,
9780060762780,,,,,,,,,
9780060762797,Fortress of Eagles,"[""C. J. Cherryh""]","[""HarperCollins""]",2004,,,,,
9780060762803,Fortress of Eagles,"[""C. J. Cherryh""]","[""HarperCollins""]",2004,,,,,
9780060762810,,,,,,,,,
9780060762827,,,,,,,,,
9780060762834,Fortress of Owls,"[""C. J. Cherryh""]","[""HarperCollins""]",2004,,,,,
9780060762841,Fortress of Owls,"[""C. J. Cherryh""]","[""HarperCollins""]",2004,,,,,
9780060762902,Fortress in the Eye of Time,"[""C. J. Cherryh""]","[""HarperCollins Publishers""]",2004,,,,,
9780060762919,,,,,,,,,
9780060762926,Fortress in the Eye of Time,"[""C. J. Cherryh""]","[""HarperCollins""]",2004,,,,,
9780060762933,Fortress in the Eye of Time,"[""C. J. Cherryh""]","[""HarperCollins""]",2004,,,,,
9780060762940,,,,,,,,,
9780060762988,,,,,,,,,
9780060771140,,,,,,,,,
9780060820022,,,,,,,,,
9780060873646,,,,,,,,,
9780060873653,,,,,,,,,
9780060873660,,,,,,,,,
9780060873677,Fortress of Ice,"[""C. J. Cherryh""]","[""HarperCollins""]",2006,,,,,
9780060873684,Fortress of Ice,"[""C. J. Cherryh""]","[""HarperCollins""]",2006,,,,,
9780061020087,Fortress of owls,"[""C. J. Cherryh""]","[""HarperPrism""]",2000,550.0,,,,
9780061020445,,,,,,,,,
9780061050541,Fortress of owls,"[""C. J. Cherryh""]","[""HarperPrism""]",1999,406.0,"[""338453""]",,,
9780061050558,Fortress of dragons,"[""C. J. Cherryh""]","[""EOS""]",2000,422.0,"[""2616663""]",,,
9780061051951,Fortress in the Eye of Time,"[""C. J. Cherryh""]","[""HarperCollins Publishers""]","May 05, 1995",,,,,
9780061052606,Hammerfall,"[""C. J. Cherryh""]","[""Eos""]",2001,390.0,"[""531132""]",,,
9780061052613,Fortress of eagles,"[""C. J. Cherryh""]","[""HarperPrism""]",1998,335.0,"[""2616664""]",,,
9780061056895,,,,,,,,,
9780061057090,Hammerfall (The Gene Wars),"[""C. J. Cherryh""]","[""Eos""]","July 30, 2002",464.0,"[""57064""]",,,
9780061057106,Fortress of eagles,"[""C. J. Cherryh""]","[""HarperPrism""]",1999,478.0,,,,
9780061092954,Fortress in the eye of time,"[""C. J. Cherryh""]","[""HarperPrism""]",1995,568.0,"[""1598842""]",,,
9780061155550,,,,,,,,,
9780061156656,Fortress of Owls,"[""C. J. Cherryh""]","[""HarperCollins Publishers""]",2004,,,,,
9780061156663,Fortress of Eagles,"[""C. J. Cherryh""]","[""HarperCollins Publishers""]",2004,,,,,
9780061156670,Fortress of Dragons,"[""C. J. Cherryh""]","[""HarperCollins Publishers""]",2004,,,,,
9780061156687,Fortress in the Eye of Time,"[""C. J. Cherryh""]","[""HarperCollins Publishers""]",2004,,,,,
9780061188640,Hammerfall,"[""C. J. Cherryh""]","[""HarperCollins Publishers""]",2001,,,,,
9780141996516,Warm Worlds and Otherwise,"[""James Tiptree, Jr.""]","[""Penguin Books, Limited""]",2021,,,,,
9780142414385,The Starry Rift,,"[""Firebird""]","Jul 30, 2009",544.0,,,,
9780241469231,Ten Thousand Light-Years from Home,"[""James Tiptree, Jr.""]","[""Penguin Books, Limited""]",2020,368.0,,,,
9780241481776,,,,,,,,,
9780241509753,Warm Worlds and Otherwise,"[""James Tiptree, Jr.""]","[""Penguin Books, Limited""]",2021,,,,,
9780312076634,Brightness Falls from the Air,"[""James Tiptree, Jr.""]","[""St. Martin's Press""]",December 2000,,"[""25067""]",,,
9780312854072,,,,,,,,,
9780312858742,Meet me at infinity,"[""James Tiptree, Jr.""]","[""Tor""]",2000,396.0,"[""1960249""]",,,
9780312869380,Meet Me At Infinity,"[""James Tiptree, Jr.""]","[""Tor Books""]","June 2, 2001",396.0,"[""27063""]",,,
9780312890216,The starry rift,"[""James Tiptree, Jr.""]","[""Orb""]",1994,250.0,"[""27066""]",,,
9780312930974,Brightness falls from the air,"[""James Tiptree, Jr.""]","[""T. Doherty Associates"", ""Distributed by St. Martin's Press""]",1985,382.0,"[""862434""]",,,
9780312931056,Crown of stars,"[""James Tiptree, Jr.""]","[""T. Doherty Associates""]",1988,340.0,"[""919252""]",,,
9780312937447,,,,,,,,,
9780330248952,Ten Thousand Light Years from Home,"[""James Tiptree, Jr.""]","[""Pan Books / Macmillan""]",1977,255.0,"[""2443577""]",,,
9780330259170,Up the walls of the world,"[""James Tiptree, Jr.""]","[""Pan Books"", ""Macmillan""]",1980,311.0,"[""1876043""]",,,
9780345243805,Warm Worlds & Otherwise,"[""James Tiptree, Jr.""]","[""Ballantine Books"", ""Ballantine Del Rey"", ""Brand: Ballantine Del Rey""]","January 12, 1975",222.0,"[""1640371""]",,,
9780345254177,,,,,,,,,
9780345280220,Warm Worlds and Otherwise,"[""James Tiptree, Jr.""]","[""Del Rey"", ""Ballantine Books""]","January 12, 1979",222.0,"[""216317""]",,,
9780345284853,"Out of the Everywhere, and Other Extraordinary Visions","[""James Tiptree, Jr.""]","[""Ballantine"", ""Ballantine Del Rey""]",1981,276.0,"[""27065""]",,,
9780385196536,,,,,,,,,
9780399120831,,,,,,,,,
9780413334206,,,,,,,,,
9780425038802,,,,,,,,,
9780441801817,Ten Thousand Light Years from Home,"[""James Tiptree, Jr.""]","[""Ace Books""]",1978,374.0,"[""27061""]",,,
9780441854714,Up the Walls of the World,"[""James Tiptree, Jr.""]","[""Ace Books""]",January 1984,311.0,"[""91056""]",,,
9780575024922,Up the walls of the world,"[""James Tiptree, Jr.""]","[""Gollancz"", ""Victor Gollancz"", ""Orion Publishing Group, Limited""]",1978,319.0,,,,
9780575124028,Brightness Falls from the Air,"[""James Tiptree, Jr.""]","[""Orion Publishing Group, Limited""]",2015,,,,,
9780670060597,The Starry Rift,"[""Jonathan Strahan""]","[""Viking Juvenile"", ""Viking""]","April 17, 2008",560.0,"[""2509832""]",,,
9780722185339,Brightness falls from the air.,"[""James Tiptree, Jr.""]","[""Sphere""]",1986,352.0,"[""2037268""]",,,
9780739455128,Her Smoke Rose Up Forever,"[""James Tiptree, Jr.""]","[""SFBC Science Fiction Printing""]",2004,,"[""216336""]",,,
9780747400899,The starry rift.,"[""James Tiptree, Jr.""]","[""Sphere""]",1988,250.0,"[""3422573""]",,,
9780747404712,Crown of stars.,"[""James Tiptree, Jr.""]","[""Sphere""]",1990,340.0,"[""3471533""]",,,
9780759205253,Brightness Falls from the Air,"[""James Tiptree, Jr.""]","[""Open Road Integrated Media, Inc.""]",2001,,,,,
9780759205260,Brightness Falls from the Air,"[""James Tiptree, Jr.""]","[""Open Road Integrated Media, Inc.""]",2001,,,,,
9780759205284,Brightness Falls from the Air,"[""James Tiptree, Jr.""]","[""Open Road Integrated Media, Inc.""]",2001,,,,,
9780759210592,Brightness Falls from the Air,"[""James Tiptree, Jr.""]","[""Open Road Integrated Media, Inc.""]",2001,,,,,
9780759262539,Brightness Falls from the Air,"[""James Tiptree, Jr.""]","[""ereads.com""]",2001,,,,,
9780759274044,Brightness Falls from the Air,"[""James Tiptree, Jr.""]","[""Open Road Integrated Media, Inc.""]",2001,,,,,
9780812503388,Crown of stars,"[""James Tiptree, Jr.""]","[""T. Doherty Associates""]",1990,340.0,"[""216318""]",,,
9780812556254,Brightness Falls from the Air,"[""James Tiptree, Jr.""]","[""Tor Books""]",April 1986,,"[""322545""]",,,
9780812556278,The Starry Rift,"[""James Tiptree, Jr.""]","[""Tom Doherty Associates"", ""Tor Books""]","March 15, 1989",256.0,"[""1640219""]",,,
9780812556285,,,,,,,,,
9780839823223,,,,,,,,,
9780870541520,,,,,,,,,
9780870541605,,,,,,,,,
9780966896824,Fantasy Annual,"[""E. C. Tubb""]","[""Prime Books""]",December 1999,132.0,,,,
9780996135962,,,,,,,,,
9781101391938,,,,,,,,,
9781306589475,Brightness Falls from the Air,"[""James Tiptree, Jr.""]","[""Open Road Integrated Media, Inc.""]",2014,,,,,
9781436229883,,,,,,,,,
9780007118267,Passage,"[""Connie Willis""]","[""Bantam 2002""]","May 09, 2002",608.0,,,,
9780307571946,Bellwether,"[""Connie Willis""]","[""Random House Publishing Group""]",2009,,,,,
9780307573421,Fire Watch,"[""Connie Willis""]","[""Random House Publishing Group""]",2009,,,,,
9780307573612,Lincoln's Dreams,"[""Connie Willis""]","[""Random House Publishing Group""]",2009,,,,,
9780307573667,Miracle,"[""Connie Willis""]","[""Random House Publishing Group""]",2009,,,,,
9780307573728,Passage,"[""Connie Willis""]","[""Random House Publishing Group""]",2009,,,,,
9780307573889,Remake,"[""Connie Willis""]","[""Random House Publishing Group""]",2009,,,,,
9780307574084,,,,,,,,,
9780307574152,Uncharted Territory,"[""Connie Willis""]","[""Random House Publishing Group""]",2009,,,,,
9780307784445,,,,,,,,,
9780307784452,,,,,,,,,
9780312941628,Fire watch,"[""Connie Willis""]","[""Bluejay Books""]",1985,274.0,"[""1381657""]",,,
9780312942885,Lincoln's Dreams,"[""Connie Willis""]","[""St. Martin's Press""]",1999,,,,,
9780345519641,Blackout,"[""Connie Willis""]","[""Spectra""]","Jan 28, 2010",511.0,,,,
9780345519832,Blackout,"[""Connie Willis""]","[""Spectra""]","September 14, 2010",528.0,,,,
9780345522696,,,,,,,,,
9780345540645,The Best Of Connie Willis Awardwinning Stories,"[""Connie Willis""]","[""Del Rey""]",2013,473.0,,,,
9780345540652,The Best of Connie Willis: Award-Winning Stories,"[""Connie Willis""]","[""Del Rey""]","Jul 09, 2013",498.0,,,,
9780345540669,The Best of Connie Willis: Award-Winning Stories,"[""Connie Willis""]","[""Del Rey""]","Apr 22, 2014",496.0,,,,
9780345540676,Crosstalk,"[""Connie Willis""]","[""Del Rey""]",2016,498.0,,,,
9780345540683,Crosstalk,"[""Connie Willis""]","[""Random House Publishing Group""]",2016,,,,,
9780345540690,Crosstalk,"[""Connie Willis""]","[""Del Rey""]","Aug 01, 2017",512.0,,,,
9780399182341,A lot like Christmas,"[""Connie Willis""]",,2017,518.0,,,,
9780399182358,A Lot Like Christmas: Stories,"[""Connie Willis""]","[""Del Rey""]","Oct 10, 2017",545.0,,,,
9780441004058,Promised land,"[""Cynthia Felice"", ""Connie Willis""]","[""Ace Books""]",1997,362.0,"[""890565""]",,,
9780441005437,Promised land,"[""Cynthia Felice""]","[""Ace Books""]",1998,362.0,,,,
9780441483112,Light raid,"[""Cynthia Felice""]","[""Ace Books""]",1989,229.0,"[""1381656""]",,,
9780441483129,Light raid,"[""Connie Willis"", ""Cynthia Felice""]","[""Ace Books""]",,,"[""209708""]",,,
9780441873791,Water Witch,"[""Cynthia Felice"", ""Connie Willis""]","[""Ace Books""]",January 1982,,"[""1381632""]",,,
9780441873807,Water witch,"[""Connie Willis"", ""Cynthia Felice""]","[""Ace Books""]",,,"[""387115""]",,,
9780446677424,,"[""Connie Willis""]","[""Warner Aspect""]",2001,302.0,,,,
9780450579868,Doomsday book,"[""Connie Willis""]","[""New EnglishLibrary""]",1992,527.0,"[""938335""]",,,
9780450579875,Doomsday book,"[""Connie Willis""]","[""New English LIbrary""]",1993,650.0,"[""938333""]",,,
9780450617485,Uncharted territory,"[""Connie Willis""]","[""New English Library""]",1994,224.0,"[""938338""]",,,
9780533575381,,,,,,,,,
9780553051971,Lincoln's dreams,"[""Connie Willis""]","[""Bantam""]",1987,212.0,"[""1381690""]",,,
9780553081312,Doomsday book,"[""Connie Willis""]","[""Bantam Books""]",1992,445.0,"[""1119222"", ""1119221""]",,,
9780553099959,,,,,,,,,
9780553111118,,,,,,,,,
9780553111248,,,,,,,,,
9780553260458,,,,,,,,,
9780553270259,Lincoln's dreams,"[""Connie Willis""]","[""Bantam Books""]",1992,228.0,,,,
9780553351675,Doomsday book,"[""Connie Willis""]","[""Bantam Books""]",1992,445.0,"[""1119222"", ""1119221""]",,,
9780553374377,,,,,,,,,
9780553375626,Bellwether,"[""Connie Willis""]","[""Bantam Books""]",1996,247.0,"[""1206542""]",,,
9780553562736,,,,,,,,,
9780553562941,Uncharted territory,"[""Connie Willis""]","[""Bantam Books""]",1994,149.0,,,,
9780553562965,Bellwether,"[""Connie Willis""]","[""Bantam Books""]",1997,247.0,"[""24985""]",,,
9780553564365,Impossible things,"[""Connie Willis""]","[""Bantam Books""]",1994,461.0,"[""24987""]",,,
9780553574418,Remake,"[""Connie Willis""]","[""Bantam Books""]",1996,140.0,"[""776378""]",,,
9780007133604,"CURSE OF CHALION (CHALION, NO 1)","[""Lois McMaster Bujold""]","[""HarperCollins""]",2002,416.0,"[""1118388""]",,,
9780007133611,The Curse of Chalion,"[""Lois McMaster Bujold""]","[""Harpercollins Pub Ltd""]","Jan 31, 2003",416.0,,,,
9780007138494,,,,,,,,,
9780060010720,Curse of Chalion,"[""Lois McMaster Bujold""]","[""HarperCollins Publishers""]",2001,,,,,
9780060010737,Curse of Chalion,"[""Lois McMaster Bujold""]","[""HarperCollins Publishers""]",2001,,,,,
9780060010744,The Curse of Chalion,"[""Lois McMaster Bujold""]","[""HarperCollins""]",2001,,,,,
9780060097073,The Curse of Chalion,"[""Lois McMaster Bujold""]","[""Harpercollins Publishers""]","May 07, 2001",,,,,
9780060573348,Paladin of Souls,"[""Lois McMaster Bujold""]","[""HarperCollins Publishers""]",2003,,,,,
9780060573355,Paladin of Souls,"[""Lois McMaster Bujold""]","[""Eos""]","May 07, 2003",,,,,
9780060573362,Paladin of Souls,"[""Lois McMaster Bujold""]","[""HarperCollins Publishers""]",2003,,,,,
9780060573379,Paladin of Souls,"[""Lois McMaster Bujold""]","[""HarperCollins""]",2003,,,,,
9780060574628,The Hallowed Hunt,"[""Lois McMaster Bujold""]","[""Eos""]",2005,470.0,"[""556820""]",,,
9780060574741,The Hallowed Hunt,"[""Lois McMaster Bujold""]","[""Eos""]","May 30, 2006",436.0,"[""61887""]",,,
9780060767839,Paladin of Souls,"[""Lois McMaster Bujold""]","[""HarperCollins""]",2003,,,,,
9780060771461,The Curse of Chalion,"[""Lois McMaster Bujold""]","[""HarperCollins""]",2001,,,,,
9780060796303,Hallowed Hunt,"[""Lois McMaster Bujold""]","[""HarperCollins Publishers""]",2005,,,,,
9780060796310,,,,,,,,,
9780060796327,The Hallowed Hunt,"[""Lois McMaster Bujold""]","[""HarperCollins""]",2005,,,,,
9780060796334,The Hallowed Hunt,"[""Lois McMaster Bujold""]","[""HarperCollins""]",2005,,,,,
9780060846886,,,,,,,,,
9780061134241,The Curse of Chalion,"[""Lois McMaster Bujold""]","[""Eos""]","April 11, 2006",442.0,"[""61913""]",,,
9780061137587,Beguilement (The Sharing Knife #1),"[""Lois McMaster Bujold""]","[""Eos""]","October 10, 2006",355.0,"[""61879""]",,,
9780061139055,Legacy (The Sharing Knife #2),"[""Lois McMaster Bujold""]","[""Eos""]","June 26, 2007",377.0,"[""61881""]",,,
9780061139062,The Sharing Knife Volume Two,"[""Lois McMaster Bujold""]","[""Eos""]","April 29, 2008",368.0,"[""2215800""]",,,
9780061139079,"Beguilement (The Sharing Knife, Book 1)","[""Lois McMaster Bujold""]","[""Eos""]","April 24, 2007",384.0,"[""61898""]",,,
9780061139505,,,,,,,,,
9780061158858,Hallowed Hunt,"[""Lois McMaster Bujold""]","[""HarperCollins Publishers""]",2005,,,,,
9780061185922,Paladin of Souls,"[""Lois McMaster Bujold""]","[""HarperCollins Publishers""]",2003,,,,,
9780061188572,Curse of Chalion,"[""Lois McMaster Bujold""]","[""HarperCollins Publishers""]",2001,,,,,
9780061208621,Beguilement,"[""Lois McMaster Bujold""]","[""HarperCollins""]",2007,,,,,
9780061208638,Beguilement,"[""Lois McMaster Bujold""]","[""HarperCollins""]",2007,,,,,
9780061208645,Beguilement,"[""Lois McMaster Bujold""]","[""HarperCollins Publishers""]",2007,,,,,
9780061208652,Beguilement,"[""Lois McMaster Bujold""]","[""HarperCollins Publishers""]",2007,,,,,
9780061208669,Beguilement,"[""Lois McMaster Bujold""]","[""HarperCollins Publishers""]",2007,,,,,
9780061208676,,,,,,,,,
9780061375330,The sharing knife.,"[""Lois McMaster Bujold"", ""Bernadette Dunne""]","[""Eos""]",2008,437.0,"[""2112904""]",,,
9780061375354,Passage,"[""Lois McMaster Bujold""]","[""Bujold, Lois McMaster"", ""Harper Voyager""]","Sep 27, 2011",432.0,,,,
9780061448492,Legacy,"[""Lois McMaster Bujold""]","[""HarperCollins""]",2007,,,,,
9780061448508,Legacy,"[""Lois McMaster Bujold""]","[""HarperCollins""]",2007,,,,,
9780061448515,Legacy,"[""Lois McMaster Bujold""]","[""HarperCollins Publishers""]",2007,,,,,
9780061448522,Legacy,"[""Lois McMaster Bujold""]","[""HarperCollins Publishers""]",2007,,,,,
9780061448539,Legacy,"[""Lois McMaster Bujold""]","[""HarperCollins Publishers""]",2007,,,,,
9780061448546,Legacy,"[""Lois McMaster Bujold""]","[""HarperCollins Publishers""]",2007,,,,,
9780061645396,Passage,"[""Lois McMaster Bujold"", ""Bernadette Dunne""]","[""HarperCollins""]",2008,,,,,
9780061645402,Passage,"[""Lois McMaster Bujold"", ""Bernadette Dunne""]","[""HarperCollins""]",2008,,,,,
9780061645419,,,,,,,,,
9780061645426,Passage,"[""Lois McMaster Bujold""]","[""HarperCollins Publishers""]",2008,,,,,
9780061645433,,,,,,,,,
9780061667428,Passage,"[""Lois McMaster Bujold""]","[""HarperCollins Publishers""]",2008,,,,,
9780061748905,Paladin of Souls,"[""Lois McMaster Bujold""]","[""HarperCollins""]",2003,,,,,
9780060845865,,,,,,,,,
9780060845872,,,,,,,,,
9780061340734,Soul Catcher,"[""Michael C. White""]","[""Harper Perennial"", ""William Morrow Paperbacks""]",2008,,,,,
9780140026894,Destination-void,"[""Frank Herbert""]","[""Penguin""]",1967,219.0,"[""3135358""]",,,
9780143111580,Dune (Penguin Galaxy),"[""Frank Herbert"", ""\u0424\u0440\u0435\u043d\u043a \u0413\u0435\u0440\u0431\u0435\u0440\u0442""]","[""Penguin Classics""]","Oct 25, 2016",720.0,,,,
9780194242394,Dune,"[""Rosemary Border""]","[""Oxford University Press""]",1980,144.0,,,,
9780283981739,The best of Frank Herbert,"[""Frank Herbert""]","[""Sidgwick and Jackson""]",1975,302.0,"[""60163""]",,,
9780329055370,,,,,,,,,
9780329160739,,,,,,,,,
9780329591571,,,,,,,,,
9780340751794,Dune - House Corrino,"[""Brian Herbert""]","[""Tor: Tom Doherty Associates""]","May 07, 2001",600.0,,,,
9780340751800,House Corrino (Prelude to Dune),"[""Frank Herbert"", ""Kevin J. Anderson"", ""Brian Herbert""]","[""New English Library Ltd""]","April 18, 2002",608.0,"[""502652""]",,,
9780340765906,DUNE (ITALIAN TRANSLATION),"[""Frank Herbert"", ""\u0424\u0440\u0435\u043d\u043a \u0413\u0435\u0440\u0431\u0435\u0440\u0442""]","[""Coronet Australia""]",1965-01-01,,"[""3135370""]",,,
9780340771150,Prelude to Dune,"[""Brian Herbert"", ""Kevin J. Anderson""]","[""HODDER & STOUGHTON LTD""]",2001,600.0,"[""1495450""]",,,
9780340822548,Dune Aus Special Promo,"[""Frank Herbert"", ""\u0424\u0440\u0435\u043d\u043a \u0413\u0435\u0440\u0431\u0435\u0440\u0442""]","[""New English Library Ltd""]",June 2001,,"[""128916""]",,,
9780340832707,,,,,,,,,
9780340837450,THE ROAD TO DUNE,"[""Frank Herbert"", ""Kevin J. Anderson"", ""Brian Herbert"", ""Scott Brick""]","[""Hodder & Stoughton""]",2005,496.0,"[""1022817""]",,,
9780340837467,Road to Dune,"[""Frank Herbert"", ""Kevin J. Anderson"", ""Brian Herbert"", ""Scott Brick""]","[""Hodder & Stoughton""]",2006,400.0,,,,
9780340839935,Dune,"[""Frank Herbert"", ""\u0424\u0440\u0435\u043d\u043a \u0413\u0435\u0440\u0431\u0435\u0440\u0442""]","[""Hodder & Stoughton""]","June 5, 2006",608.0,"[""234225""]",,,
9780340960196,Dune,"[""Frank Herbert"", ""\u0424\u0440\u0435\u043d\u043a \u0413\u0435\u0440\u0431\u0435\u0440\u0442""]","[""Hodderscape""]",16 July 2015,592.0,,,,
9780340960202,Dune Messiah,"[""Frank Herbert""]","[""Hodder & Stoughton""]",2008,304.0,,,,
9780345238351,Under Pressure (original title: The Dragon in the Sea),"[""Frank Herbert""]","[""Ballantine Books""]","February 12, 1974",,"[""2821303""]",,,
9780345253040,The Heaven Makers,"[""Frank Herbert""]","[""Del Ray""]","February 12, 1977",,"[""320558""]",,,
9780345255976,Under Pressure,"[""Frank Herbert""]","[""Ballantine Books""]","September 12, 1976",220.0,"[""6011663""]",,,
9780345275400,Under Pressure,"[""Frank Herbert""]","[""Ballantine Books""]",1977,,,,,
9780345280114,Under Pressure,"[""Frank Herbert""]","[""Del Rey""]","January 12, 1979",,,,,
9780345281043,The Heaven Makers,"[""Frank Herbert""]","[""Del Rey""]","November 12, 1978",,"[""2271990""]",,,
9780345298294,Under pressure,"[""Frank Herbert""]","[""Ballantine Books""]",1981,201.0,"[""2522989""]",,,
9780345298591,Under Pressure,"[""Frank Herbert""]","[""Del Rey""]","November 12, 1981",,"[""20286""]",,,
9780345302908,The Heaven Makers,"[""Frank Herbert""]","[""Del Rey""]","March 12, 1982",,"[""3971598""]",,,
9780345343208,The Heaven Makers,"[""Frank Herbert""]","[""Del Rey""]","October 12, 1986",,"[""3163343""]",,,
9780345344588,HEAVEN MAKERS (Del Rey Books),"[""Frank Herbert""]","[""Del Rey""]","July 12, 1987",,"[""20290""]",,,
9780380023301,,,,,,,,,
9780399102264,Dune Messiah,"[""Frank Herbert""]","[""G.P. Putnam's Sons""]",1969,220.0,"[""531719""]",,,
9780399108617,Whipping Star,"[""Frank Herbert""]","[""Putnam Pub Group""]",June 1970,,"[""2648193""]",,,
9780399109201,Soul Catcher,"[""Frank Herbert""]","[""Penguin Adult HC/TR""]","May 09, 1972",,,,,
9780399110061,The god makers.,"[""Frank Herbert""]","[""Putnam""]",1972,190.0,"[""3029795""]",,,
9780399116971,Children of Dune,"[""Frank Herbert""]","[""Berkley Pub. Corp."", ""Distributed by Putnam""]",1976,444.0,,,,
9780399119446,The Santaroga Barrier,"[""Frank Herbert""]","[""Berkley""]",1977,255.0,"[""3422275"", ""2271992""]",,,
9780399120220,The Dosadi experiment,"[""Frank Herbert"", ""Frank Hebert""]","[""Putnam""]",1977,336.0,"[""1602541""]",,,
9780399122682,The Jesus incident,"[""Frank Herbert"", ""Bill Ransom"", ""Bill Ransom Frank Herbert""]","[""Berkley Pub. Co. , distributed by Putnam"", ""Berkley Pub. Co. : distributed by Putnam""]",1979,405.0,"[""1195320""]",,,
9780399125935,God Emperor of Dune,"[""Frank Herbert""]","[""Putnam""]",1981,411.0,"[""77171""]",,,
9780399127212,The white plague,"[""Frank Herbert""]","[""Putnam""]",1982,445.0,"[""53733""]",,,
9780399128158,,,,,,,,,
9780399128967,Dune,"[""Frank Herbert"", ""\u0424\u0440\u0435\u043d\u043a \u0413\u0435\u0440\u0431\u0435\u0440\u0442""]","[""Putnam""]",1965,517.0,"[""668693""]",,,
9780399128981,Heretics of Dune,"[""Frank Herbert""]","[""Putnam""]",1984,480.0,"[""109"", ""373222""]",,,
9780399129476,Heretics of Dune,"[""Frank Herbert""]","[""Putnam""]",1984,480.0,"[""109"", ""373222""]",,,
9780399130274,"Chapter house, Dune","[""Frank Herbert""]","[""Putnam""]",1985,464.0,"[""873813""]",,,
9780399130755,"Chapterhouse Dune (Dune Chronicles, Book 6)","[""Frank Herbert""]","[""Putnam Adult""]","April 22, 1985",,"[""668695""]",,,
9780399131325,Man of two worlds,"[""Frank Herbert"", ""Brian Herbert""]","[""Putnam""]",1985,429.0,"[""2055807""]",,,
9780030615535,,,,,,,,,
9780078380112,Enterprise Sandwich Shop -IBM,,"[""Schools""]","January 1, 1985",,,,,
9780140057492,Citizen of the Galaxy,"[""Robert A. Heinlein""]","[""Penguin""]",1981,262.0,"[""2271980""]",,,
9780140311198,Citizen of the galaxy,"[""Robert A. Heinlein""]","[""Puffin Books""]",1978,263.0,"[""1257813""]",,,
9780140470710,Citizen of the Galaxy,"[""Robert A. Heinlein""]","[""Penguin Books Ltd""]","Jul 07, 1972",272.0,,,,
9780143111627,Stranger in a strange land,"[""Robert A. Heinlein""]","[""Penguin Books, an imprint of Penguin Random House LLC""]",2016,498.0,,,,
9780194242349,The puppet masters,"[""David Fickling""]","[""Oxford University Press""]",1979,96.0,"[""2527475""]",,,
9780234770191,The Moon Is A Harsh Mistress,"[""Robert A. Heinlein""]","[""Dobson Books""]",1967,,"[""1061924""]",,,
9780234778944,Farnham's freehold,"[""Robert A. Heinlein""]","[""Dobson""]",1974,,"[""939671""]",,,
9780283979828,The best of Robert Heinlein,"[""Robert A. Heinlein""]","[""Sidgwick and Jackson""]",1973,348.0,"[""50867""]",,,
9780307497536,Red Planet,"[""Robert A. Heinlein""]","[""Random House Publishing Group""]",2009,,,,,
9780312851682,Requiem,"[""Robert A. Heinlein""]","[""Tom Doherty Associates""]",February 1992,341.0,"[""1116675""]",,,
9780312855239,Requiem,"[""Robert A. Heinlein""]","[""Tor Books""]",June 1993,,"[""50859""]",,,
9780312861766,The moon is a harsh mistress,"[""Robert A. Heinlein""]","[""Tor""]",1966,382.0,,,,
9780312863555,The Moon Is A Harsh Mistress,"[""Robert A. Heinlein""]","[""Orb""]",1997,382.0,"[""349""]",,,
9780317633849,,,,,,,,,
9780318328539,To Sail Beyond the Sunset,"[""Robert A. Heinlein""]","[""Ace Books, Inc.""]","May 07, 1988",,,,,
9780329035525,,,,,,,,,
9780329051006,,,,,,,,,
9780329826703,,,,,,,,,
9780330020282,Time For The Stars,"[""Robert A. Heinlein""]","[""Pan Books""]","Jun 01, 1973",190.0,,,,
9780330020299,Tunnel in the sky.,"[""Robert A. Heinlein""]","[""Pan""]",1968,222.0,"[""1090855""]",,,
9780330022354,The puppet masters,"[""Robert A. Heinlein""]","[""Pan Books""]",1969,220.0,"[""2160037""]",,,
9780330023528,"Waldo and Magic, Inc.","[""Robert A. Heinlein""]","[""Pan Books""]",1969,204.0,"[""1035507""]",,,
9780330025164,The door into summer,"[""Robert A. Heinlein""]","[""Pan Books""]",1970,190.0,"[""1090856""]",,,
9780330107129,Red Planet,"[""Robert A. Heinlein""]","[""Pan Books""]",1967,176.0,"[""1035511""]",,,
9780330107136,Farmer in the Sky,"[""Robert A. Heinlein""]","[""Pan Books Ltd.""]",1973,174.0,"[""1035497""]",,,
9780340837931,Starship Troopers,"[""Robert A. Heinlein""]","[""Hodder & Stoughton Paperbacks""]","March 14, 2005",224.0,"[""50894""]",,,
9780340837948,The Moon Is a Harsh Mistress,"[""Robert A. Heinlein""]","[""Hodder & Stoughton Paperbacks""]","March 14, 2005",288.0,"[""16690""]",,,
9780340837955,Stranger in a Strange Land,"[""Robert A. Heinlein""]","[""Hodder & Stoughton Paperbacks""]","March 14, 2005",672.0,"[""14336""]",,,
9780340938348,Stranger in a Strange Land,"[""Robert A. Heinlein""]","[""Hodder & Stoughton"", ""imusti""]","Jun 01, 2007",655.0,,,,
9780345013880,,,,,,,,,
9780345013897,Robert Heinlein B--Puppet Masters,"[""Robert A. Heinlein""]","[""Del Rey Books""]",January 1990,,"[""50855""]",,,
9780345243546,Starman Jones,"[""Robert A. Heinlein""]","[""Ballantine Books""]",1976,,"[""1989933""]",,,
9780345243751,Farmer in the Sky,"[""Robert A. Heinlein""]","[""Ballantine Books""]","March 12, 1975",,"[""830993""]",,,
9780345260659,Tunnel in the Sky,"[""Robert A. Heinlein""]","[""Ballantine Books""]",1977,214.0,,,,
9780345260666,THE STAR BEAST,"[""Robert A. Heinlein""]","[""Del Rey""]","March 12, 1977",,"[""1374123""]",,,
9780345260673,The Rolling Stones,"[""Robert A. Heinlein""]","[""Del Rey""]",1977,,"[""1322143""]",,,
9780345260680,Rocket Ship Galileo,"[""Robert A. Heinlein""]","[""Del Rey"", ""Brand: Del Rey""]","July 12, 1977",,"[""2327221""]",,,
9780345260697,Red Planet,"[""Robert A. Heinlein""]","[""Ballantine Books""]",1977,,"[""1455415""]",,,
9780345260703,,,,,,,,,
9780345260710,Have space suit--will travel,"[""Robert A. Heinlein""]","[""Ballantine""]",1977,,"[""1690205""]",,,
9780345260727,Space Cadet,"[""Robert A. Heinlein""]","[""Del Rey""]","August 12, 1978",,"[""1836664""]",,,
9780345260734,,,,,,,,,
9780345260741,Citizen of the Galaxy,"[""Robert A. Heinlein""]","[""Del Rey""]","June 12, 1978",,"[""540493""]",,,
9780345262691,,,,,,,,,
9780345262707,,,,,,,,,
9780345262714,,,,,,,,,
9780345275806,,,,,,,,,
9780345275813,The Rolling Stones,"[""Robert A. Heinlein""]","[""Del Rey""]","February 12, 1978",,"[""2090089""]",,,
9780030564727,"Frankenstein, or, The modern Prometheus : with connections","[""Mary Shelley""]","[""Holt, Rinehart and Winston""]",1999,254.0,"[""408291""]",,,
9780061862977,"Gris Grimly's Frankenstein, or, The modern Prometheus","[""Gris Grimly""]","[""Balzer + Bray""]",2013,208.0,,,,
9780061862984,Gris Grimly's Frankenstein,"[""Mary Shelley"", ""Gris Grimly""]","[""HarperCollins Publishers""]",2015,208.0,,,,
9780062239228,Gris Grimly's Frankenstein,"[""Mary Shelley"", ""Gris Grimly""]","[""HarperCollins Publishers""]",2013,,,,,
9780142301715,Frankenstein / Dracula Flip Book,"[""Bram Stoker"", ""Mary Shelley"", ""John Paul Riquelme"", ""Johanna M. Smith"", ""Craig Stephen Copland"", ""Bram Stoker"", ""Roy Thomas"", ""Mike Mignola"", ""John Nyberg"", ""Francisco P\u00e9rez Navarro"", ""Angelo Nessi"", ""Dario Scalvi"", ""SparkNotes"", ""Miles Waters"", ""T. Mahala"", ""Emily Lam""]","[""Puffin""]","June 3, 2002",1.0,"[""1608653""]",,,
9780143131847,Frankenstein,"[""Mary Shelley""]","[""Penguin Books, Limited""]","January 16, 2018",288.0,,,,
9780191610721,Last Man,"[""Mary Wollstonecraft Shelley""]","[""Oxford University Press""]",1994,,,,,
9780191611261,,,,,,,,,
9780191812958,,,,,,,,,
9780191921759,,,,,,,,,
9780192725042,Frankenstein,"[""Chris Mould""]","[""Oxford University Press""]",2002,32.0,,,,
9780192831521,The  last man,"[""Mary Shelley""]","[""Oxford University Press""]",1994,,"[""1415901""]",,,
9780192832894,,,,,,,,,
9780192838650,The  last man,"[""Mary Shelley""]","[""Oxford University Press""]",1998,479.0,"[""966835""]",,,
9780194237536,Frankenstein,"[""Mary Shelley""]","[""Oxford University Press""]","Mar 29, 2007",72.0,,,,
9780195062588,The  Mary Shelley reader,"[""Mary Shelley""]","[""Oxford University Press"", ""Oxford University Press, USA""]","Nov 15, 1990",420.0,"[""629493"", ""18498""]",,,
9780195062595,The  Mary Shelley reader,"[""Mary Shelley""]","[""Oxford University Press"", ""Oxford University Press, USA""]","Nov 15, 1990",420.0,"[""629493"", ""18498""]",,,
9780195108811,"Valperga, or, The life and adventures of Castruccio, Prince of Lucca","[""Mary Shelley""]","[""Oxford University Press""]",1997,454.0,"[""2565198"", ""3171067""]",,,
9780195108828,"Valperga, or, The life and adventures of Castruccio, Prince of Lucca","[""Mary Shelley""]","[""Oxford University Press""]",1997,454.0,"[""2565198"", ""3171067""]",,,
9780198126744,The  journals of Mary Shelley,"[""Mary Shelley""]","[""Clarendon Press"", ""Oxford University Press""]",1987,735.0,"[""1268659"", ""455144""]",,,
9780199552351,,,,,,,,,
9780241251874,,,,,,,,,
9780241251881,Matilda,"[""Mary Shelley""]","[""Penguin Books, Limited""]",2016,,,,,
9780243324286,"Valperga, or the Life and Adventures of Castruccio, Prince of Lucca, Vol. 3 of 3","[""Mary Shelley""]","[""Forgotten Books""]","Feb 02, 2019",276.0,,,,
9780243653072,,,,,,,,,
9780243739509,,,,,,,,,
9780260635075,,,,,,,,,
9780262340250,Frankenstein,"[""Mary Shelley""]","[""MIT Press""]",2017,320.0,,,,
9780262340267,Frankenstein,"[""Mary Shelley""]","[""MIT Press""]",2017,320.0,,,,
9780262340274,Frankenstein,"[""Mary Shelley""]","[""MIT Press""]",2017,320.0,,,,
9780262533287,Frankenstein,"[""Mary Shelley""]","[""The MIT Press""]",2017,277.0,,,,
9780266891123,Lodore,"[""Mary Shelley""]","[""Forgotten Books""]","Feb 05, 2019",232.0,,,,
9780267367412,,,,,,,,,
9780307136213,Monster Masterpieces Box Set,"[""H. G. Wells""]","[""Western Publishing Company Golden books""]",July 1980,,,,,
9780312227623,,,,,,,,,
9780312463182,,,,,,,,,
9780321096982,,,,,,,,,
9780321399533,,,,,,,,,
9780341932109,,,,,,,,,
9780341974895,,,,,,,,,
9780342088614,,,,,,,,,
9780342651535,"The Fortunes of Perkin Warbeck, a Romance; Volume 2","[""Mary Shelley""]","[""Franklin Classics""]","Oct 12, 2018",342.0,,,,
9780342651542,"The Fortunes of Perkin Warbeck, a Romance; Volume 2","[""Mary Shelley""]","[""Franklin Classics""]","Oct 12, 2018",342.0,,,,
9780342745722,Valperga,"[""Mary Shelley""]","[""Franklin Classics""]","Oct 13, 2018",282.0,,,,
9780342745739,Valperga,"[""Mary Shelley""]","[""Franklin Classics""]","Oct 13, 2018",282.0,,,,
9780342845620,"History of a six Weeks' Tour Through a Part of France, Switzerland, Germany and Holland","[""Mary Shelley"", ""Percy Bysshe Shelley""]","[""Franklin Classics""]","Oct 13, 2018",194.0,,,,
9780343375164,Lodore,"[""Mary Shelley""]","[""Franklin Classics""]","Oct 15, 2018",230.0,,,,
9780343468095,"Rambles In Germany And Italy In 1840, 1842, And 1843; Volume 1","[""Mary Shelley""]","[""Franklin Classics""]","Oct 16, 2018",304.0,,,,
9780343604608,Valperga,"[""Mary Shelley""]","[""Franklin Classics""]","Oct 16, 2018",294.0,,,,
9780343604615,Valperga,"[""Mary Shelley""]","[""Franklin Classics""]","Oct 16, 2018",294.0,,,,
9780316043915,The hundred thousand kingdoms,"[""N. K. Jemisin""]","[""Orbit""]",2010,432.0,"[""6437061""]",,,
9780316043922,The Hundred Thousand Kingdoms,"[""N. K. Jemisin""]","[""Orbit""]",2010,,,,,
9780316043939,Ansel Adams,"[""N. K. Jemisin""]","[""New York Graphic Society""]",September 1986,613.0,,,,
9780316043946,The Kingdom Of Gods,"[""N. K. Jemisin""]","[""Orbit""]",2012,,,,,
9780316043953,Broken Kingdoms,"[""N. K. Jemisin""]","[""Orbit""]",2011,432.0,,,,
9780316043960,The broken kingdoms,"[""N. K. Jemisin""]","[""Orbit""]",2010,,,,,
9780316075978,The Hundred Thousand Kingdoms,"[""N. K. Jemisin""]","[""Orbit""]",2010,427.0,,,,
9780316075985,The Broken Kingdoms (The Inheritance Trilogy Book 2),"[""N. K. Jemisin""]","[""Orbit""]","Nov 03, 2010",404.0,,,,
9780316076005,Kingdom of Gods,"[""N. K. Jemisin""]","[""Orbit""]",2011,,,,,
9780316162609,,,,,,,,,
9780316162616,,,,,,,,,
9780316162623,,,,,,,,,
9780316187299,The shadowed sun,"[""N. K. Jemisin""]","[""Orbit""]",2012,519.0,,,,
9780316202770,,,,,,,,,
9780316202787,THE KILLING MOON - N. K. Jemisin,"[""N. K. Jemisin""]",,"Feb 20, 2012",,,,,
9780316202886,,,,,,,,,
9780316202893,,,,,,,,,
9780316229241,The Stone Sky,"[""N. K. Jemisin""]","[""Orbit""]","August 15, 2017",464.0,,,,
9780316229258,Stone Sky,"[""N. K. Jemisin""]","[""Orbit""]",2017,,,,,
9780316229265,The Obelisk Gate,"[""N. K. Jemisin""]","[""Orbit""]",2016,433.0,,,,
9780316229289,,,,,,,,,
9780316229296,The Fifth Season (The Broken Earth),"[""N. K. Jemisin""]","[""Orbit""]",8/4/2015,512.0,,,,
9780316229302,The Fifth Season,"[""N. K. Jemisin""]","[""Orbit""]",2015,,,,,
9780316259033,,,,,,,,,
9780316259040,The Awakened Kingdom,"[""N. K. Jemisin""]","[""Orbit""]","Dec 09, 2014",250.0,,,,
9780316259057,Awakened Kingdom,"[""N. K. Jemisin""]","[""Orbit""]",2014,250.0,,,,
9780316324977,,,,,,,,,
9780316333955,The Dreamblood Duology,"[""N. K. Jemisin""]","[""Orbit""]","Dec 20, 2016",960.0,,,,
9780316333962,The Dreamblood Duology,"[""N. K. Jemisin""]","[""Orbit""]","Dec 20, 2016",960.0,,,,
9780316333979,,,,,,,,,
9780316333986,,,,,,,,,
9780316333993,,,,,,,,,
9780316334006,The inheritance trilogy,"[""N. K. Jemisin""]",,2014,1462.0,,,,
9780316388511,,,,,,,,,
9780316388597,,,,,,,,,
9780316388603,,,,,,,,,
9780316402699,,,,,,,,,
9780316491341,How long 'til black future month?,"[""N. K. Jemisin"", ""Michelle Charrier""]",,2018,400.0,,,,
9780316491358,How Long 'til Black Future Month?: Stories,"[""N. K. Jemisin"", ""Michelle Charrier""]","[""Orbit""]","Nov 27, 2018",416.0,,,,
9780316491365,,,,,,,,,
9780316491372,How Long 'til Black Future Month?: Stories,"[""N. K. Jemisin"", ""Michelle Charrier""]","[""Orbit""]","Aug 13, 2019",448.0,,,,
9780316509848,The City We Became,"[""N. K. Jemisin""]","[""Orbit""]",2020,437.0,,,,
9780316509855,The City We Became,"[""N. K. Jemisin""]",,,,,,,
9780316509862,,,,,,,,,
9780316509886,The City We Became,"[""N. K. Jemisin""]","[""Orbit""]","July 27, 2021",480.0,,,,
9780316527194,"The Broken Earth Trilogy: The Fifth Season, The Obelisk Gate, The Stone Sky","[""N. K. Jemisin""]","[""Orbit""]","Oct 02, 2018",1424.0,,,,
9780356500768,The Killing Moon,"[""N. K. Jemisin""]","[""Orbit""]",2012,418.0,,,,
9780356500775,Shadowed Sun,"[""N. K. Jemisin""]","[""Little, Brown Book Group Limited""]",2012,528.0,,,,
9780356504889,The Fifth Season,"[""N. K. Jemisin""]","[""Orbit""]",2015,464.0,,,,
9780356504896,The Obelisk Gate,"[""N. K. Jemisin""]","[""Orbit""]",2016,408.0,,,,
9780356504902,Stone Sky,"[""N. K. Jemisin""]","[""Little, Brown Book Group Limited""]",2017,,,,,
9780007219094,Temeraire,"[""Naomi Novik""]","[""Voyager / Harper Collins""]","Jun 28, 2006",336.0,,,,
9780007219100,Temeraire,"[""Naomi Novik""]","[""HarperCollins"", ""Harper Collins/Voyager""]","Feb 09, 2006",330.0,,,,
9780007219117,Temeraire,"[""Naomi Novik""]","[""Harper Voyager""]","Oct 04, 2006",448.0,,,,
9780007219124,Temeraire,"[""Naomi Novik""]","[""Voyager""]",2006,400.0,"[""168357""]",,,
9780007219131,Throne of Jade,"[""Naomi Novik""]","[""Voyager""]","May 07, 2006",400.0,,,,
9780007219148,Temeraire; Throne of Jade,"[""Naomi Novik""]","[""Harper Collins/Voyager""]","May 07, 2007",512.0,,,,
9780007219155,Black Powder War,"[""Naomi Novik""]","[""Voyager""]",2007,352.0,"[""142654""]",,,
9780007219179,Black Powder War,"[""Naomi Novik""]","[""Harper Voyager""]","Aug 06, 2007",368.0,,,,
9780007256730,Empire of Ivory,"[""Naomi Novik""]","[""HarperVoyager""]","Jun 12, 2007",394.0,,,,
9780007256747,Empire of ivory,"[""Naomi Novik""]","[""Harper Voyager""]",2008,394.0,,,,
9780007256754,Victory of Eagles,"[""Naomi Novik""]","[""Ballantine Books""]","May 07, 2008",,,,,
9780007256761,Victory of Eagles,"[""Naomi Novik""]","[""Harper Voyager"", ""imusti""]","Jan 01, 2009",352.0,,,,
9780007256778,Tongues of serpents,"[""Naomi Novik""]",,2011,,,,,
9780007256785,Tongues of serpents,"[""Naomi Novik""]",,2011,,,,,
9780007258710,Temeraire,"[""Naomi Novik""]","[""Harper Voyager"", ""imusti""]","Aug 06, 2007",352.0,,,,
9780007258727,Throne of Jade,"[""Naomi Novik""]","[""HarperCollins Publishers Limited""]",2008,400.0,,,,
9780007258734,Empire of Ivory,"[""Naomi Novik""]","[""Harper""]","May 07, 2008",400.0,,,,
9780007259151,Victory of Eagles,"[""Naomi Novik""]","[""Del Rey""]","May 07, 2008",,,,,
9780007318551,Temeraire,"[""Naomi Novik""]","[""HarperCollins""]",2009,,,,,
9780007318568,Black Powder War,"[""Naomi Novik""]","[""HarperCollins""]",2009,,,,,
9780007318575,Throne of Jade,"[""Naomi Novik""]","[""HarperCollins""]",2009,,,,,
9780007318582,Empire of Ivory,"[""Naomi Novik""]","[""HarperCollins""]",2009,,,,,
9780007318612,Victory of Eagles,"[""Naomi Novik""]","[""HarperCollins""]",2009,,,,,
9780007352425,Tongues of Serpents,"[""Naomi Novik""]","[""HarperCollins Publishers""]",2010,,,,,
9780007451425,Temeraire,"[""Naomi Novik""]","[""Voyager""]",2006,340.0,,,,
9780007569083,Blood Of Tyrants,"[""Naomi Novik""]","[""HarperCollins Publishers""]",2014,,,,,
9780007569090,Blood of Tyrants,"[""Naomi Novik""]","[""HarperCollins Publishers""]",2014,,,,,
9780007569106,Crucible Of Gold,"[""Naomi Novik""]","[""Harper Voyager""]","Jun 17, 2001",,,,,
9780007569113,Crucible of Gold,"[""Naomi Novik""]","[""HarperCollins Publishers""]",2014,,,,,
9780007578917,Temeraire,"[""Naomi Novik""]","[""HarperCollins Publishers Limited""]",2014,,,,,
9780007578924,Throne of Jade,"[""Naomi Novik""]","[""HarperCollins Publishers Limited""]",2014,,,,,
9780007578931,Black Powder War,"[""Naomi Novik""]","[""HarperCollins Publishers Limited""]",2014,,,,,
9780007578948,Empire of Ivory,"[""Naomi Novik""]","[""Harper Voyager""]","Aug 14, 2014",,,,,
9780007578955,Victory of Eagles,"[""Naomi Novik""]","[""HarperCollins Publishers Limited""]",2014,,,,,
9780007578962,Tongues of Serpents,"[""Naomi Novik""]","[""HarperCollins Publishers Limited""]",2014,,,,,
9780008118358,Temeraire Series Books 1-3,"[""Naomi Novik""]","[""HarperCollins Publishers""]",2015,,,,,
9780008121150,League of Dragons,"[""Naomi Novik""]","[""HarperCollins Publishers""]",2016,,,,,
9780008121167,League of Dragons (The Temeraire Series),"[""Naomi Novik""]","[""Harper Voyager""]","Jan 01, 2016",,,,,
9780008338879,,,,,,,,,
9780008338886,,,,,,,,,
9780008338893,,,,,,,,,
9780008338909,,,,,,,,,
9780008338916,,,,,,,,,
9780008338923,,,,,,,,,
9780008338930,,,,,,,,,
9780008338947,,,,,,,,,
9780008338954,,,,,,,,,
9780221068294,,,,,,,,,
9780221076664,,,,,,,,,
9780329832254,,,,,,,,,
9780329863517,,,,,,,,,
9780221049156,,,,,,,,,
9780316081054,Feed,"[""Seanan McGuire""]","[""Orbit Science Fiction""]",2010,,,,,
9780316081061,Deadline,"[""Seanan McGuire""]","[""Orbit""]","June 1, 2011",608.0,,,,
9780316081078,Blackout,"[""Seanan McGuire""]","[""Orbit""]","June 1, 2012",659.0,,,,
9780316122467,,,,,,,,,
9780316134262,Deadline,"[""Seanan McGuire""]","[""Orbit""]",2011,,,,,
9780316173230,,,,,,,,,
9780316174961,,,,,,,,,
9780316194969,Apocalypse Scenario #683: The Box,"[""Seanan McGuire""]","[""Orbit""]","Apr 18, 2011",24.0,,,,
9780316194976,,,,,,,,,
9780316202183,Blackout,"[""Seanan McGuire""]","[""Orbit""]",2012,,,,,
9780316202206,,,,,,,,,
9780316204484,Countdown,"[""Seanan McGuire""]","[""Orbit""]",2011,,,,,
9780316204491,,,,,,,,,
9780316218924,Parasite (Parasitology),"[""Seanan McGuire""]","[""Orbit""]","Oct 07, 2014",544.0,,,,
9780316218931,Parasite,"[""Seanan McGuire""]","[""Orbit""]",October 2013,,,,,
9780316218955,Parasite,"[""Seanan McGuire""]","[""Orbit""]",2013,504.0,,,,
9780316218962,San Diego 2014,"[""Seanan McGuire""]","[""Orbit""]",2012,,,,,
9780316218986,,,,,,,,,
9780316218993,Symbiont,"[""Seanan McGuire""]",,2014,518.0,,,,
9780316219006,Symbiont,"[""Seanan McGuire""]","[""Orbit""]",2014,,,,,
9780316219013,Symbiont (Parasitology),"[""Seanan McGuire""]","[""Orbit""]","Oct 13, 2015",544.0,,,,
9780316258869,,,,,,,,,
9780316258883,All the Pretty Little Horses,"[""Seanan McGuire""]","[""Orbit""]",2017,,,,,
9780316259019,,,,,,,,,
9780316259026,Please Do Not Taunt the Octopus,"[""Seanan McGuire""]","[""Orbit""]",2015,,,,,
9780316309530,Rise: A Newsflesh Collection: The Complete Newsflesh Collection,"[""Seanan McGuire""]","[""Orbit""]","Jan 31, 2017",864.0,,,,
9780316309561,Rise: The Complete Newsflesh Collection,"[""Seanan McGuire""]","[""Orbit""]","Jun 21, 2016",656.0,,,,
9780316309585,Rise: A Newsflesh Collection,"[""Seanan McGuire""]","[""Orbit""]",2016,644.0,,,,
9780316379311,Feedback,"[""Seanan McGuire""]","[""Orbit""]",2017,560.0,,,,
9780316379328,,,,,,,,,
9780316379335,,,,,,,,,
9780316379342,Feedback,"[""Seanan McGuire""]",,2016,489.0,,,,
9780316379373,Into the Drowning Deep,"[""Mira Grant""]","[""Orbit""]",2017,440.0,"[""34523174""]",,,
9780316379380,Into the Drowning Deep,"[""Mira Grant""]","[""Orbit""]",2017,,,,,
9780316379397,,,,,,,,,
9780316379403,Into the Drowning Deep,"[""Mira Grant""]","[""Orbit""]",2017,440.0,"[""34523174""]",,,
9780316380973,,,,,,,,,
9780316380980,Day the Dead Came to Show and Tell,"[""Seanan McGuire""]","[""Orbit""]",2014,,,,,
9780316380997,Chimera,"[""Mira Grant""]","[""Little, Brown Books for Young Readers""]",2015,,,,,
9780316381000,Chimera,"[""Seanan McGuire""]","[""Orbit""]",2016,512.0,,,,
9780316381017,Chimera,"[""Seanan McGuire""]","[""Orbit""]",2015,,,,,
9780316381031,Chimera,"[""Seanan McGuire""]",,2015,488.0,,,,
9780316381048,,,,,,,,,
9780316381055,Coming to You Live,"[""Seanan McGuire""]","[""Orbit""]",2018,,,,,
9780316402118,,,,,,,,,
9780316402316,,,,,,,,,
9780316402361,,,,,,,,,
9780316402453,,,,,,,,,
9780316451451,The Rising,"[""Seanan McGuire""]","[""Orbit""]","Feb 19, 2019",1200.0,,,,
9780316451468,,,,,,,,,
9780002246064,The assassin's apprentice,"[""Robin Hobb""]","[""HarperCollins""]",1995,374.0,"[""910550""]",,,
9780002246071,Royal Assassin (The Farseer Trilogy),"[""Robin Hobb"", ""Arnaud Mousnier-Lompr\u00e9""]","[""Voyager""]","Sep 05, 1996",580.0,,,,
9780002246088,A Fúria do Assassino,"[""Robin Hobb""]","[""Livros da Voyager (Reino Unido) e Spectra (EUA)""]","3 de março de 1997 (Reino Unido), abril de 1997 (EUA)",832.0,,,,
9780002246293,Assassin's Apprentice,"[""Robin Hobb""]","[""Collins""]","Aug 07, 1995",400.0,,,,
9780002246484,The Farseer,"[""Robin Hobb"", ""Arnaud Mousnier-Lompr\u00e9""]","[""Bantam""]",1996,400.0,"[""1072179""]",,,
9780002246521,Assassin's Quest.,"[""Robin Hobb""]","[""Voyager""]",1997,640.0,"[""892411""]",,,
9780002247139,Mad Ship,"[""Robin Hobb""]","[""Sterling Publishing Co., Inc.""]",1999,,,,,
9780002247269,Fool's Errand,"[""Robin Hobb""]","[""Harper  Collins""]",2001-05-07,592.0,"[""1022048""]",,,
9780002247276,The golden fool,"[""Robin Hobb""]","[""HarperCollins"", ""Voyager""]",2002,599.0,"[""2399033""]",,,
9780002247283,Fool's Fate (Tawny Man),"[""Robin Hobb""]","[""Voyager""]","December 1, 2003",600.0,"[""1318892""]",,,
9780002254786,Ship of Magic,"[""Robin Hobb""]","[""Bantam Books""]",1998,667.0,"[""1188502""]",,,
9780002254793,The Mad Ship,"[""Robin Hobb""]","[""Harper Collins""]",1999,400.0,"[""1188503""]",,,
9780002254809,Ship of Destiny (Liveship Traders Vol-3),"[""Robin Hobb""]","[""Bantam""]","Aug 12, 2000",688.0,,,,
9780002256735,Ship of Magic,"[""Robin Hobb""]","[""Voyager""]","Jun 01, 1998",,,,,
9780002261678,SHIP OF DESTINY,"[""Robin Hobb""]","[""Harper Collins""]","May 07, 2000",688.0,,,,
9780006480099,Assassin's Apprentice (The Farseer Trilogy),"[""Robin Hobb""]","[""Voyager""]","March 18, 1996",480.0,"[""45107""]",,,
9780006480105,Royal Assassin (The Farseer Trilogy),"[""Robin Hobb"", ""Arnaud Mousnier-Lompr\u00e9""]","[""Voyager""]","March 3, 1997",768.0,"[""68487""]",,,
9780006480112,Assassin's Quest (The Farseer Trilogy),"[""Robin Hobb""]","[""Voyager""]","March 16, 1998",848.0,"[""68493""]",,,
9780006486015,Fool's Errand (Tawny Man),"[""Robin Hobb""]","[""Harper Voyager""]",01 Oct 2008,661.0,,,,
9780006486022,The Golden Fool (Tawny Man),"[""Robin Hobb""]","[""Voyager""]","May 6, 2008",640.0,"[""395945""]",,,
9780006486039,Fool's fate,"[""Robin Hobb""]","[""Harper Voyager""]",2008,805.0,,,,
9780006498858,Ship of Magic (Liveship Traders),"[""Robin Hobb""]","[""Voyager""]","March 1, 1999",712.0,"[""45100""]",,,
9780006498865,The Mad Ship (Liveship Traders),"[""Robin Hobb""]","[""Voyager""]","March 6, 2000",901.0,"[""45101""]",,,
9780006498872,Ship of Destiny (Liveship Traders),"[""Robin Hobb""]","[""Voyager""]","March 5, 2001",400.0,"[""395953""]",,,
9780007110568,Fool's Errand,"[""Robin Hobb""]","[""Voyager / HarperCollins""]","Mar 04, 2002",600.0,,,,
9780007110575,Fool's Fate,"[""Robin Hobb""]",,,,,,,
9780007110582,Fool's Fate,"[""Robin Hobb""]","[""Voyager / HarperCollins""]","May 07, 2003",816.0,,,,
9780007112524,Harpy's Flight,"[""Robin Hobb""]","[""Voyager""]","January 14, 2002",312.0,"[""401427""]",,,
9780007112531,The Windsingers,"[""Robin Hobb""]","[""Voyager""]",2002-03-18,392.0,"[""401429""]",,,
9780007112548,The Limbreth Gate (The Ki & Vandien Quartet),"[""Robin Hobb""]","[""Voyager"", ""Harpercollins Pub Ltd""]","May 7, 2002",368.0,"[""3291647""]",,,
9780007112555,Luck of the Wheels,"[""Robin Hobb""]","[""Voyager""]","July 1, 2002",416.0,"[""401433""]",,,
9780007112562,Wizard of the Pigeons,"[""Robin Hobb""]","[""Voyager""]","August 5, 2002",304.0,"[""2293854""]",,,
9780007114221,The Reindeer People,"[""Robin Hobb""]","[""Voyager""]","May 21, 2001",304.0,"[""290452""]",,,
9780007114344,Wolf's Brother,"[""Robin Hobb""]","[""Voyager""]","July 16, 2001",240.0,"[""295306""]",,,
9780007127733,Cloven Hooves,"[""Robin Hobb""]","[""Voyager""]","Nov 09, 2002",368.0,,,,
9780007154340,Legends II,"[""Robert Silverberg"", ""Orson Scott Card""]","[""Voyager""]",2003,645.0,"[""1933470""]",,,
9780007160389,,,,,,,,,
9780007196128,Shaman's Crossing (The Soldier Son Trilogy),"[""Robin Hobb""]","[""Voyager""]","July 4, 2005",400.0,"[""68489""]",,,
9780007196135,Shaman's Crossing,"[""Robin Hobb""]","[""Voyager"", ""VOYAGER""]","Oct 12, 2006",544.0,,,,
9780007196159,Forest Mage,"[""Robin Hobb""]","[""HARPER COLLINS 0 PUB""]","July 3, 2006",672.0,"[""1116395""]",,,
9780007196166,FOREST MAGE,"[""Robin Hobb""]","[""Harper Collins - Voyager""]","May 07, 2007",672.0,,,,
9780007196173,"Forest Mage (The Soldier Son Trilogy, Book 2)","[""Robin Hobb""]","[""Harper Collins Publishers""]","Jul 01, 2008",400.0,,,,
9780007196180,"Renegrade""s Magic. Book Three of The Soldier Son Trilogy.","[""Robin Hobb""]","[""Harper Voyager""]","May 07, 2007",624.0,,,,
9780007196197,,,,,,,,,
9780007196203,Renegade's Magic,"[""Robin Hobb""]","[""Harper Collins Publishers"", ""imusti""]","Jul 01, 2008",768.0,,,,
9780007214686,Shaman's Crossing,"[""Robin Hobb""]","[""BCA ( Book Club Associates )""]","May 07, 2005",400.0,,,,
9780007236886,Shaman's Crossing,"[""Robin Hobb""]","[""HarperCollins""]",2008,,,,,
9780007273751,Dragon Keeper,"[""R. Hobb""]","[""Harper""]",2010,560.0,,,,
9780007273775,Inheritance,"[""Robin Hobb"", ""Megan Lindholm""]","[""Harper Voyager"", ""Brand: Harper Voyager""]","Mar 01, 2011",416.0,,,,
9780007273782,The Inheritance,"[""Robin Hobb"", ""Megan Lindholm""]","[""HarperCollins Publishers""]","Apr 01, 2012",,,,,
9780007273799,The Inheritance,"[""Robin Hobb"", ""Megan Lindholm""]","[""HarperCollins"", ""HarperCollins Publishers""]",2011,400.0,,,,
9780099554790,The Night Circus (Vintage Magic),"[""Erin Morgenstern""]","[""Vintage""]","Aug 24, 2012",,,,,
9780099570295,The Night Circus,"[""Erin Morgenstern""]","[""Vintage Books"", ""Random House Export Editions""]","May 24, 2012",,,,,
9780099581543,The Night Circus,"[""Erin Morgenstern""]","[""Vintage""]","Jul 23, 2012",,,,,
9780099593850,The Night Circus,"[""Erin Morgenstern""]","[""Vintage Classics""]",,,,,,
9780221098383,,,,,,,,,
9780307744432,The Night Circus,"[""Erin Morgenstern""]","[""Doubleday"", ""Anchor Books""]",2011,516.0,,,,
9780307938909,The Night Circus,"[""Erin Morgenstern""]","[""Random House Audio""]","Sep 13, 2011",11.0,,,,
9780307938916,,,,,,,,,
9780307938923,The Night Circus,"[""Erin Morgenstern""]","[""Books On Tape""]",2011,,,,,
9780307938930,,,,,,,,,
9780307947857,El circo de la noche,"[""Erin Morgenstern""]","[""Vintage Espa\u00f1ol""]",2012,,,,,
9780307947871,,,,,,,,,
9780329926496,,,,,,,,,
9780345802620,The Night Circus,"[""Erin Morgenstern""]","[""Vintage""]",,,,,,
9780345803542,The night circus,"[""Erin Morgenstern""]","[""Anchor Books""]",2012,533.0,,,,
9780385534635,The Night Circus,"[""Erin Morgenstern""]","[""Doubleday"", ""Anchor Books""]",2011,516.0,,,,
9780385534642,Night Circus,"[""Erin Morgenstern""]","[""Knopf Doubleday Publishing Group""]",2011,384.0,,,,
9780385535502,,,,,,,,,
9780385541213,The Starless Sea,"[""Erin Morgenstern""]","[""Doubleday""]","November 5, 2019",498.0,,,,
9780385541220,The Starless Sea,"[""Erin Morgenstern""]","[""Doubleday""]",2019,,"[""44228743""]",,,
9780385545365,The Starless Sea,"[""Erin Morgenstern""]","[""RANDOM HOUSE US""]","May 07, 2020",,,,,
9780385671712,The Night Circus,"[""Erin Morgenstern""]","[""Doubleday Canada""]","Sep 13, 2011",400.0,,,,
9780385671729,,,,,,,,,
9780385671736,,,,,,,,,
9780385686228,Starless Sea,"[""Erin Morgenstern""]","[""Doubleday Canada""]",2019,512.0,,,,
9780385686235,,,,,,,,,
9780385686242,Starless Sea,"[""Erin Morgenstern""]",,,,,,,
9780451486356,The Night Circus,"[""Erin Morgenstern""]","[""Random House Audio""]","Nov 10, 2015",,,,,
9780593106488,The Starless Sea,"[""Erin Morgenstern""]","[""Random  House Large Print""]",2019,,,,,
9780606264167,The Night Circus,"[""Erin Morgenstern""]","[""Turtleback"", ""Turtleback Books""]","Jul 03, 2012",528.0,,,,
9780606264204,El Circo De La Noche,"[""Erin Morgenstern""]","[""Brand: Turtleback"", ""Turtleback""]","Feb 21, 2012",576.0,,,,
9780655641254,,,,,,,,,
9780655641261,,,,,,,,,
9780655642510,,,,,,,,,
9780655650133,,,,,,,,,
9780735207875,The Starless Sea,"[""Erin Morgenstern""]","[""Penguin Random House LLC.""]",2019,,,,,
9780735207882,,,,,,,,,
9780735207899,,,,,,,,,
9781101971383,The Starless Sea,"[""Erin Morgenstern""]","[""Anchor""]","Aug 04, 2020",592.0,,,,
9781299086234,,,,,,,,,
9781299089587,,,,,,,,,
9781445859620,The Night Circus,"[""Erin Morgenstern""]","[""Windsor""]",,,,,,
9781445859637,The Night Circus,"[""Erin Morgenstern""]","[""Paragon""]",,,,,,
9781446468265,Night Circus,"[""Erin Morgenstern""]","[""Penguin Random House""]",2011,512.0,,,,
9781446482827,,,,,,,,,
9781446482834,,,,,,,,,
9781446482841,,,,,,,,,
9781446482858,,,,,,,,,
9781448115402,,,,,,,,,
9781451752274,,,,,,,,,
